Date,"Iron Ore Fines, Odisha Index, India, 0-10mm, Fe 62%","Coking Coal, CNF Paradip, India, 0-40mm, HCC 64 Mid Vol, Australia","Melting Scrap, DAP-Mumbai, India, HMS(80:20)","HRC, FOB Rizhao, China, 2.5mm","HRC, FOB Black Sea, Russia, 3mm, SAE1006","Platts North European HRC, EXW Ruhr","CRC, Exy-Mumbai, India, IS 513, CR1,0.90mm / CTL",India Production Quantity of Flat Steel in MT,India weekly HRC Imports MT,India weekly HRC Exports MT,"HRC, Exy-Mumbai, India, 2.5-8mm / CTL, IS2062, Gr E250 Br."
6-Jan-13,1968,140,22680,545,540,648,44000,865914,80711,48832,41000
13-Jan-13,1968,149,22883,585,545,643,45700,898809,91070,50199,40800
20-Jan-13,1968,152,22700,588,550,663,45700,918317,95103,53681,40800
27-Jan-13,1968,154,23000,595,550,660,45700,908375,85217,61816,40800
3-Feb-13,1968,157,22750,598,550,674,45700,897540,74909,70092,40800
10-Feb-13,1867,158,22700,599,552,679,45700,886705,64601,78369,42500
17-Feb-13,1867,157,22800,595,577,675,45700,877414,54879,86202,42500
24-Feb-13,1816,156,22700,608,568,672,45700,886649,52187,88717,42500
3-Mar-13,1816,155,22450,614,565,665,45700,901030,51449,89756,42500
10-Mar-13,1765,153,22483,615,565,655,45700,915412,50710,90795,42500
17-Mar-13,1782,152,22567,615,562,652,45700,928302,49866,90968,42500
24-Mar-13,1782,145,22533,608,559,646,45700,923299,47761,80752,42500
31-Mar-13,1782,143,22500,589,557,637,46200,913326,45305,67649,42500
7-Apr-13,1782,140,22650,580,557,630,46200,903353,42849,54547,42500
14-Apr-13,1782,137,22633,570,557,631,46200,893380,40393,41445,42500
21-Apr-13,1782,135,22700,570,557,626,45700,889685,37008,34016,42500
28-Apr-13,1782,133,22500,570,557,617,45700,894361,32384,34152,42500
5-May-13,1782,133,22133,570,545,615,45700,899036,27761,34287,42500
12-May-13,1782,129,21700,540,525,616,45700,903712,23137,34423,42500
19-May-13,1782,128,21450,540,525,604,45700,906051,19409,33784,42500
26-May-13,1782,128,21400,540,525,595,45700,899980,18904,30361,42500
2-Jun-13,1782,128,21650,508,501,588,45700,893209,18667,26706,42500
9-Jun-13,1782,125,22200,498,498,582,45700,886437,18430,23051,42500
16-Jun-13,1782,125,22533,498,498,584,45700,879952,18270,19582,42500
23-Jun-13,1748,120,22883,494,500,582,45700,882933,20655,22257,42500
30-Jun-13,1735,117,22683,485,503,564,45700,890217,24195,27726,42500
7-Jul-13,1701,116,22000,490,503,557,46200,897501,27736,33194,42500
14-Jul-13,1701,117,21700,515,508,540,46700,904784,31277,38662,42500
21-Jul-13,1701,116,21717,515,513,547,46700,907759,32775,43468,42500
28-Jul-13,1701,119,21900,525,516,560,46700,904989,31551,47391,42500
4-Aug-13,1701,123,21700,540,520,568,46700,902219,30327,51313,42500
11-Aug-13,1667,125,21600,540,520,579,48148,899448,29103,55235,42500
18-Aug-13,1667,130,21540,540,522,582,48148,896874,28291,59326,42500
25-Aug-13,1667,132,21500,540,535,587,48147,895508,30022,64452,42500
1-Sep-13,1667,134,22125,550,533,594,48146,894339,32166,69745,42500
8-Sep-13,1701,136,22167,550,530,599,47251,893169,34310,75039,41700
15-Sep-13,1718,136,22450,550,530,608,47251,891999,36453,80333,41700
22-Sep-13,1718,135,22500,545,529,614,47251,890062,36902,80340,41700
29-Sep-13,1718,136,22700,540,527,623,47252,887550,36078,76382,41700
6-Oct-13,1718,136,22840,530,527,625,47253,885037,35255,72423,41700
13-Oct-13,1718,133,22500,532,525,623,47254,882524,34431,68464,41700
20-Oct-13,1785,132,22000,520,515,622,48709,881581,33035,66618,43000
27-Oct-13,1785,129,22000,520,515,620,48710,884093,30379,69419,43000
3-Nov-13,1785,130,22000,520,512,611,48710,886710,27684,72361,43000
10-Nov-13,1785,129,22140,520,515,598,48711,889326,24989,75303,43000
17-Nov-13,1785,129,22100,520,519,601,47594,892487,22591,77977,42000
24-Nov-13,1785,127,22367,520,523,604,47596,902185,23747,77433,42000
1-Dec-13,1785,126,22633,520,525,607,47601,913699,25891,75994,42000
8-Dec-13,1853,124,22700,525,527,616,47493,925213,28035,74556,41900
15-Dec-13,1853,121,23217,528,530,622,47495,936727,30178,73118,41900
22-Dec-13,1982,120,23400,530,531,618,47496,942097,31048,67836,41900
29-Dec-13,2110,120,23675,530,535,617,47498,942858,30961,59671,41900
5-Jan-14,2110,118,23900,530,535,614,48174,943619,30875,51507,42500
12-Jan-14,2110,119,24380,530,535,610,48847,944380,30789,43342,43100
19-Jan-14,2110,118,24600,530,535,613,48850,942443,30461,36550,43100
26-Jan-14,2110,116,24633,530,530,619,48850,930794,29263,34700,43100
2-Feb-14,2110,115,25100,530,527,623,48851,918335,27992,33262,43100
9-Feb-14,2110,115,25483,530,527,617,49858,905876,26721,31824,44000
16-Feb-14,2110,112,25550,530,525,620,49859,894157,25481,30688,44000
23-Feb-14,2110,111,25500,530,525,625,49860,906821,25276,39507,44000
2-Mar-14,2110,110,25500,530,520,622,49861,930569,25540,52851,44000
9-Mar-14,2110,107,25500,525,520,619,49862,954317,25804,66196,44000
16-Mar-14,2110,101,25500,525,517,621,50423,977333,26102,79051,44500
23-Mar-14,2110,98,25500,520,514,607,51039,976171,27508,75777,45050
30-Mar-14,2110,98,25300,520,510,599,51041,964019,29419,65170,45050
6-Apr-14,2027,99,25300,520,508,594,51041,951867,31329,54563,45050
13-Apr-14,1985,101,25542,520,508,597,51039,939715,33240,43957,45050
20-Apr-14,1985,101,26133,522,510,597,50086,932176,34009,37455,44200
27-Apr-14,1985,102,26300,520,513,592,50085,934786,32267,39984,44200
4-May-14,1985,101,26333,520,510,595,50086,937703,30450,42786,44200
11-May-14,1985,101,26400,520,514,598,50087,940620,28632,45589,44200
18-May-14,1985,101,26250,515,514,590,50089,942387,27536,48334,44200
25-May-14,2154,100,26267,515,520,588,50089,937063,30883,50723,44200
1-Jun-14,2154,99,26300,510,520,582,50089,930588,34951,53054,44200
8-Jun-14,2154,99,25983,510,520,578,50087,924113,39018,55386,44200
15-Jun-14,2154,99,25500,510,535,571,50085,917638,43086,57717,44200
22-Jun-14,2154,97,25200,506,535,570,50085,916911,41372,55138,44200
29-Jun-14,2154,95,25233,505,520,569,50085,920494,35320,48875,44200
6-Jul-14,2154,93,25558,505,518,568,49079,924077,29269,42612,43300
13-Jul-14,2154,92,25400,504,518,565,49302,927660,23217,36350,43500
20-Jul-14,2154,94,25100,510,518,563,49303,931856,20144,32582,43500
27-Jul-14,2154,93,24817,510,518,559,48520,937400,23622,34303,42800
3-Aug-14,2154,93,24033,510,520,556,48743,942985,27299,36190,43000
10-Aug-14,2154,93,24225,510,530,558,48520,948570,30976,38078,42800
17-Aug-14,2154,93,24360,510,530,559,48520,953473,34482,39928,42800
24-Aug-14,2154,92,24850,510,530,555,48185,950192,35941,41343,42500
31-Aug-14,2323,94,24817,508,540,553,48185,944638,36831,42636,42500
7-Sep-14,2408,95,25017,506,540,551,48186,939084,37721,43930,42500
14-Sep-14,2493,94,25420,505,540,546,48186,933529,38611,45223,42500
21-Sep-14,2493,95,25217,495,540,549,48186,930192,40501,45352,42500
28-Sep-14,2493,97,25383,495,540,543,48187,929812,43725,43927,42500
5-Oct-14,2493,97,25400,490,535,536,48188,929431,46949,42502,42500
12-Oct-14,2493,98,24900,487,535,536,48189,929051,50173,41077,42500
19-Oct-14,2493,97,24180,485,535,538,48189,928723,51616,39244,42500
26-Oct-14,2493,97,24000,480,535,534,48190,928584,46647,35946,42500
2-Nov-14,2628,97,23833,480,510,532,48191,928462,41143,32526,42500
9-Nov-14,2763,98,23883,480,515,518,47968,928339,35639,29106,42300
16-Nov-14,2865,99,23058,480,515,515,47969,928375,30418,25988,42300
23-Nov-14,2966,99,22430,470,485,513,47970,933640,34528,32843,42300
30-Nov-14,2966,99,22275,465,475,509,47076,941282,42878,44231,41500
7-Dec-14,2966,100,22160,465,472,501,45958,948924,51228,55619,40500
14-Dec-14,2966,102,22120,460,460,500,45959,956566,59579,67007,40500
21-Dec-14,2780,102,22300,460,450,498,45961,953795,63968,70962,40500
28-Dec-14,2780,102,22280,460,445,492,45963,937142,63075,65007,40500
4-Jan-15,2679,103,22250,460,435,485,45968,920489,62182,59053,40500
11-Jan-15,2611,101,22250,460,430,479,45411,903836,61289,53098,40000
18-Jan-15,2476,100,22025,442,430,475,45414,887702,60318,47703,40000
25-Jan-15,2476,99,21783,435,428,467,45418,874774,58862,45761,40000
1-Feb-15,2560,97,21700,410,410,462,45422,862367,57327,44378,40000
8-Feb-15,2560,96,21550,390,395,468,44307,849959,55793,42996,39000
15-Feb-15,2560,95,21058,380,390,468,43751,837551,54258,41613,38500
22-Feb-15,2560,95,21600,370,400,469,43753,840978,60244,43462,38500
1-Mar-15,2560,95,22058,370,390,465,43753,856280,71870,47735,38500
8-Mar-15,2560,93,21813,370,390,456,42298,871582,83496,52008,37200
15-Mar-15,2560,93,21417,370,387,438,42298,886884,95122,56282,37200
22-Mar-15,2560,92,21170,370,387,437,42298,889344,95728,52961,37200
29-Mar-15,1900,91,21192,370,387,448,42073,882171,88069,43946,37000
5-Apr-15,1900,89,21483,375,390,443,42071,874999,80410,34930,37000
12-Apr-15,1900,87,21600,375,390,439,42070,867826,72752,25915,37000
19-Apr-15,1900,86,21183,370,380,435,41500,863029,67465,18875,36500
26-Apr-15,1900,82,21070,370,373,439,41500,866779,70719,18947,36500
3-May-15,1900,81,20800,365,360,450,41500,871242,74685,19612,36500
10-May-15,1867,78,20520,368,363,456,41000,875706,78651,20277,35500
17-May-15,1782,78,20450,370,365,458,41000,880024,82405,20847,35000
24-May-15,1782,79,20450,363,358,453,40500,882601,83632,20274,35000
31-May-15,1782,80,20550,360,355,442,40500,884696,84156,19383,35000
7-Jun-15,1782,81,20533,360,355,443,38500,886790,84680,18492,34500
14-Jun-15,1782,82,20500,360,355,445,38500,888884,85203,17601,34500
21-Jun-15,1782,85,20420,350,355,442,38500,889883,86149,18851,34500
28-Jun-15,1782,84,20150,348,348,436,38500,889424,87657,22953,34500
5-Jul-15,1782,84,19800,340,345,429,38500,888964,89166,27056,34500
12-Jul-15,1782,81,18933,310,345,423,38000,888504,90674,31158,34000
19-Jul-15,1782,78,18500,305,340,419,37500,886877,93269,33861,33500
26-Jul-15,1782,74,17640,309,338,418,37000,881049,99779,31523,33500
2-Aug-15,1782,76,17000,310,330,419,37000,874872,106614,28766,33500
9-Aug-15,1782,77,17080,310,330,415,36500,868694,113449,26009,33000
16-Aug-15,1748,75,17190,310,333,422,36250,862702,119972,23247,32500
23-Aug-15,1714,76,17967,310,330,423,36000,862827,116195,20342,32500
30-Aug-15,1638,75,18950,300,330,428,36000,865732,107736,17371,32500
6-Sep-15,1427,74,18717,300,320,417,36000,868638,99276,14401,32000
13-Sep-15,1410,74,18433,297,313,416,36000,871544,90817,11430,32500
20-Sep-15,1370,74,18000,293,305,410,36800,875315,83942,9218,32500
27-Sep-15,1359,74,18000,280,300,401,36800,880992,80553,8675,32500
4-Oct-15,1494,75,17667,280,300,396,36800,886726,77269,8183,32833
11-Oct-15,1494,75,17067,280,300,395,36800,892461,73986,7691,33000
18-Oct-15,1494,75,16825,275,285,392,36650,896012,71225,7169,32750
25-Oct-15,1494,75,16540,270,285,382,36500,886102,71689,6467,32500
1-Nov-15,1494,75,15733,270,270,370,36500,874008,72676,5736,32500
8-Nov-15,1494,75,15380,265,270,364,36500,861914,73663,5006,32000
15-Nov-15,1494,74,15300,265,270,354,36500,849820,74649,4275,31500
22-Nov-15,1393,72,15460,260,270,349,36500,848625,75107,4854,31500
29-Nov-15,1393,71,15620,255,270,343,36000,855604,75168,6415,31500
6-Dec-15,1393,71,15520,255,270,343,34250,862583,75229,7977,31000
13-Dec-15,1393,71,15483,255,270,350,33000,869562,75290,9538,29688
20-Dec-15,1393,73,15550,255,270,349,33000,883246,75505,10152,29250
27-Dec-15,1393,74,15500,258,270,350,33000,911681,76058,8681,29750
3-Jan-16,1393,74,16000,263,270,345,33000,940563,76622,7146,30250
10-Jan-16,1393,74,15800,270,255,346,33000,969446,77185,5611,30500
17-Jan-16,1393,74,15350,272,257,347,33000,995854,77422,4177,29500
24-Jan-16,1393,74,15342,275,255,350,33000,992580,73733,3952,29500
31-Jan-16,1393,74,15125,275,250,350,33000,981060,68955,4062,28500
7-Feb-16,1393,71,14950,275,250,356,33000,969541,64176,4172,28000
14-Feb-16,1317,71,15517,275,250,365,33750,958021,59397,4283,29500
21-Feb-16,1291,72,15733,275,250,360,35000,959342,59250,4718,32333
28-Feb-16,1291,74,15767,275,250,363,36500,977782,65280,5585,33000
6-Mar-16,1291,74,15880,283,258,362,37750,996222,71310,6453,34000
13-Mar-16,1291,75,16200,310,278,370,39000,1014663,77339,7321,34500
20-Mar-16,1291,76,16083,345,305,381,39000,1023746,79252,7684,34500
27-Mar-16,1291,77,15975,355,330,392,39000,1012246,72108,6937,34500
3-Apr-16,1291,78,16300,365,360,396,39000,1000121,64689,6156,34500
10-Apr-16,1291,78,16500,365,380,417,39500,987997,57270,5375,35000
17-Apr-16,1291,80,16567,395,415,419,39500,977355,50363,5221,35000
24-Apr-16,1291,83,16920,423,422,423,39400,984497,49603,12585,34833
1-May-16,1291,87,16700,465,455,449,39000,996579,50551,22037,34500
8-May-16,1291,87,16333,490,480,466,40750,1008661,51498,31490,35000
15-May-16,1291,87,16200,418,470,481,41000,1020743,52446,40942,35500
22-May-16,1291,86,16183,385,470,489,41000,1026300,53218,43336,35250
29-May-16,1291,83,16300,370,470,489,41000,1026962,53860,40435,35000
5-Jun-16,1291,83,16200,350,420,492,41000,1027624,54502,37535,35000
12-Jun-16,1291,84,16180,335,400,499,41000,1028287,55143,34634,35000
19-Jun-16,1291,85,15967,335,395,493,40833,1028905,54918,31876,35000
26-Jun-16,1224,85,16000,330,378,489,40500,1029365,51570,29631,35000
3-Jul-16,1291,86,16017,325,362,471,39500,1029811,47962,27429,34500
10-Jul-16,1224,86,15733,338,355,462,38500,1030257,44354,25226,34000
17-Jul-16,1224,88,15675,353,358,463,38500,1030781,40826,23929,34000
24-Jul-16,1224,89,15667,365,350,458,38500,1032224,38263,33492,34000
31-Jul-16,1224,91,15558,365,350,461,38000,1033923,35967,46073,33850
7-Aug-16,1224,94,15333,365,350,463,38000,1035622,33671,58653,33350
14-Aug-16,1224,96,15233,380,390,464,39000,1037321,31376,71233,34000
21-Aug-16,1224,102,15125,385,390,473,39500,1037095,30612,76822,34500
28-Aug-16,1224,114,15183,395,375,481,40000,1034302,31891,73089,35000
4-Sep-16,1224,131,15392,405,375,481,40000,1031508,33169,69356,35000
11-Sep-16,1224,153,15408,395,375,492,41750,1028715,34448,65623,36250
18-Sep-16,1224,169,15933,390,375,498,42250,1027076,35495,61996,36875
25-Sep-16,1240,178,16300,385,385,493,42000,1032557,35114,59020,37500
2-Oct-16,1257,180,16692,380,385,501,43000,1039194,34502,56151,38000
9-Oct-16,1257,197,16825,380,385,503,43500,1045830,33890,53281,38350
16-Oct-16,1257,187,16560,375,395,501,44000,1051998,33324,50459,38500
23-Oct-16,1257,203,16200,410,395,499,43500,1042699,34288,49205,38150
30-Oct-16,1257,212,16200,410,410,506,43000,1026370,35949,48665,38000
6-Nov-16,1257,210,16520,415,425,515,43125,1010041,37610,48125,38100
13-Nov-16,1257,248,16492,440,430,517,43250,993711,39271,47585,38500
20-Nov-16,1257,259,16500,470,435,515,43250,988731,40626,48631,38500
27-Nov-16,1257,270,16542,465,460,531,43250,1008716,41310,53166,38500
4-Dec-16,1257,272,16750,475,465,557,46167,1029458,41973,57807,41250
11-Dec-16,1257,272,17208,485,475,587,47500,1050200,42636,62449,41500
18-Dec-16,1257,257,17050,505,490,585,47500,1078430,43657,68397,42000
25-Dec-16,1257,228,17258,525,490,585,47500,1152834,46883,82410,42000
1-Jan-17,1257,189,17800,510,500,589,48000,1234726,50466,97729,43000
8-Jan-17,1300,183,18033,510,500,591,49500,1316619,54050,113049,45500
15-Jan-17,1350,178,18050,490,490,595,49500,1398511,57633,128368,45500
22-Jan-17,1350,168,18225,510,490,603,49000,1422143,55772,131827,45000
29-Jan-17,1350,162,18380,510,490,611,49000,1402082,49827,126391,44000
5-Feb-17,1350,159,18533,510,490,611,49000,1382020,43882,120955,44000
12-Feb-17,1350,151,18733,500,480,612,48500,1361959,37937,115519,43000
19-Feb-17,1350,146,19083,495,475,609,48000,1347843,34030,117420,42000
26-Feb-17,1350,144,19792,505,475,602,47500,1355134,37462,145734,42000
5-Mar-17,1350,147,20417,515,490,604,47000,1364210,41506,176250,41500
12-Mar-17,1350,150,20625,510,495,609,46500,1373285,45550,206766,41000
19-Mar-17,1452,150,21475,500,490,608,46500,1379713,47775,224588,41000
26-Mar-17,1452,150,21200,495,485,613,46500,1376615,43453,196716,40500
2-Apr-17,1452,150,21642,485,485,608,47000,1372722,38585,165035,41000
9-Apr-17,1452,153,22050,480,475,590,48000,1368829,33717,133355,42000
16-Apr-17,1452,248,22725,445,450,579,48000,1365002,29015,102339,42000
23-Apr-17,1452,248,21383,420,440,582,48000,1363327,29797,93279,41000
30-Apr-17,1452,227,21358,425,445,588,47000,1362631,33072,94197,41000
7-May-17,1452,222,21100,435,450,591,47000,1361935,36346,95116,41000
14-May-17,1384,191,21283,425,440,581,46500,1361239,39621,96035,40000
21-May-17,1367,157,21133,430,445,586,46000,1359446,41591,92351,39500
28-May-17,1367,147,21133,440,435,580,46000,1356189,41822,82531,39000
4-Jun-17,1367,141,21150,440,435,567,46000,1352933,42052,72712,39000
11-Jun-17,1342,138,21208,435,430,566,45000,1349677,42283,62892,38500
18-Jun-17,1342,138,20717,440,435,557,45000,1347800,44171,56732,38500
25-Jun-17,1291,132,20133,450,440,548,44500,1354426,56278,73140,38500
2-Jul-17,1257,132,20080,455,445,556,44500,1362432,70043,93207,38500
9-Jul-17,1257,137,20000,470,465,561,39000,1370438,83807,113275,35500
16-Jul-17,1257,141,19858,480,470,562,39000,1378391,97166,132692,35500
23-Jul-17,1257,147,19517,490,470,570,39000,1384581,97134,130642,35500
30-Jul-17,1224,153,20317,505,500,582,39800,1389971,91014,118835,36000
6-Aug-17,1224,158,20533,515,510,598,42000,1395361,84895,107027,37500
13-Aug-17,1224,166,20900,535,520,603,42500,1400750,78775,95220,37500
20-Aug-17,1342,171,21280,550,545,607,43000,1403654,73187,87310,38500
27-Aug-17,1410,172,21292,560,555,611,43000,1401087,68766,87974,38500
3-Sep-17,1427,176,21330,565,560,629,43000,1398355,64382,88897,38500
10-Sep-17,1427,179,21567,570,565,641,44500,1395623,59997,89821,40000
17-Sep-17,1427,179,21360,590,595,646,43500,1393598,55673,90540,39500
24-Sep-17,1427,179,20950,580,585,648,43000,1400059,52089,88805,38750
1-Oct-17,1427,164,20420,560,575,638,42500,1408877,48710,86388,38000
8-Oct-17,1427,153,19920,560,575,636,42500,1417695,45330,83971,38000
15-Oct-17,1427,153,19900,550,560,641,42500,1426513,41951,81554,38000
22-Oct-17,1427,152,20200,570,555,639,42500,1426015,40890,87553,38000
29-Oct-17,1427,152,20542,564,553,634,43000,1418529,41567,99865,38500
5-Nov-17,1427,152,20900,545,545,628,43500,1411043,42244,112177,39000
12-Nov-17,1427,152,20675,548,540,627,44000,1403558,42921,124489,39000
19-Nov-17,1427,153,21042,555,525,632,44000,1400496,43052,132248,39000
26-Nov-17,1427,154,21217,555,530,634,43000,1413363,41220,123617,38500
3-Dec-17,1494,160,22033,560,530,635,43000,1427557,39224,113620,38500
10-Dec-17,1494,170,22133,570,535,631,43500,1441751,37228,103623,39500
17-Dec-17,1539,175,22367,575,540,630,44000,1446948,35528,93905,39600
24-Dec-17,1562,178,22833,580,550,634,44000,1344179,37379,87532,40000
31-Dec-17,1630,182,23317,580,550,639,46250,1211419,40215,82088,41750
7-Jan-18,1731,185,23433,575,553,644,46500,1078660,43052,76643,42500
14-Jan-18,1731,185,23583,575,555,649,46500,945900,45889,71199,42500
21-Jan-18,1731,185,23783,570,580,671,46500,864498,46535,67492,42800
28-Jan-18,1731,182,23960,580,585,680,46500,851571,44259,66101,43500
4-Feb-18,1731,179,24750,575,595,689,46500,838645,41984,64710,43500
11-Feb-18,1732,184,24550,585,570,691,47600,825719,39709,63319,44000
18-Feb-18,1731,189,24783,585,570,705,48000,816715,38026,62168,44000
25-Feb-18,2049,192,25467,585,585,703,48000,831899,39999,62499,44500
4-Mar-18,2053,195,25650,600,595,699,48000,851004,42564,63070,44500
11-Mar-18,2053,201,25583,615,610,705,49500,870110,45130,63641,45500
18-Mar-18,2053,198,25400,605,615,706,49500,885450,48035,64597,45500
25-Mar-18,2053,197,25050,595,615,705,49500,877573,53036,67923,45000
1-Apr-18,2036,182,25017,580,615,708,49000,865931,58377,71633,44000
8-Apr-18,2019,179,25533,585,610,703,49500,854288,63718,75343,44500
15-Apr-18,2019,181,25983,580,595,708,50000,842646,69059,79053,45000
22-Apr-18,1993,178,26133,582,595,708,50000,839327,67594,74548,45000
29-Apr-18,1993,167,26033,595,595,698,50500,842250,61024,63881,45500
6-May-18,1968,167,26767,600,587,683,51250,845174,54455,53213,46000
13-May-18,1968,170,26992,595,585,678,52000,848097,47886,42546,46500
20-May-18,1968,170,27600,595,560,673,52000,849572,44276,35512,46000
27-May-18,1968,171,27517,587,557,663,51500,847863,47176,36470,45500
3-Jun-18,1968,172,27500,595,550,656,51500,846057,50274,37671,45500
10-Jun-18,2057,177,27200,595,545,659,51500,844250,53372,38871,46000
17-Jun-18,2070,181,25883,600,545,659,51500,842577,56576,40567,46000
24-Jun-18,2070,187,25933,600,557,652,51000,842495,61056,48206,46000
1-Jul-18,2070,184,25292,597,570,653,50500,842854,65892,57497,45500
8-Jul-18,2273,185,24900,592,567,654,50500,843214,70727,66787,45500
15-Jul-18,2273,181,24400,577,567,655,50000,843574,75562,76077,45000
22-Jul-18,2273,168,24500,585,567,657,50000,844785,73338,81213,45000
29-Jul-18,2349,160,24667,577,562,659,50000,846635,65818,83232,45000
5-Aug-18,2374,151,25100,577,562,657,50000,848484,58298,85252,45000
12-Aug-18,2374,158,25360,580,570,655,50000,850334,50778,87271,45500
19-Aug-18,2374,159,25080,569,570,643,50000,850385,44555,88025,45500
26-Aug-18,2374,158,25500,590,565,653,50000,843961,42998,84221,45500
2-Sep-18,2442,157,25842,582,545,664,50500,836998,41830,80037,45500
9-Sep-18,2701,167,26470,577,537,663,51000,830034,40662,75854,46000
16-Sep-18,2814,173,27060,577,537,663,51500,823327,39573,71763,46500
23-Sep-18,2814,181,27650,573,532,667,51500,825096,41070,70729,46500
30-Sep-18,3150,178,27767,567,535,666,53000,830718,43744,71083,47250
7-Oct-18,3150,182,26360,567,533,653,53500,836340,46418,71438,47500
14-Oct-18,3050,181,25883,565,517,648,53500,841961,49091,71792,47500
21-Oct-18,3050,184,25500,560,517,648,53500,846936,50447,69568,47500
28-Oct-18,3050,191,25550,550,520,637,52500,851049,50044,63905,46500
4-Nov-18,3050,194,25467,537,502,629,52500,855162,49642,58243,46500
11-Nov-18,3050,195,25633,531,500,631,52500,859275,49240,52580,46500
18-Nov-18,2900,195,26117,502,493,621,52500,863027,48874,47709,46500
25-Nov-18,2400,195,26433,502,485,626,52000,864557,48730,47723,46000
2-Dec-18,2400,191,25633,485,475,617,50500,865726,48623,48528,45000
9-Dec-18,2300,187,26033,465,465,610,50000,866896,48515,49333,44000
16-Dec-18,2100,186,25950,478,465,599,50000,868464,48382,50281,43500
23-Dec-18,2000,186,25467,488,460,592,49000,883202,47395,55958,43000
30-Dec-18,2000,185,25380,482,460,596,48500,903927,46021,63784,43000
6-Jan-19,1900,182,25320,480,450,594,48500,924651,44646,71609,42500
13-Jan-19,1900,178,25083,478,450,599,48000,945376,43272,79435,42000
20-Jan-19,1850,175,24983,485,450,593,46500,956560,42291,86966,41000
27-Jan-19,1650,178,25020,490,455,585,45500,946757,42175,93850,40300
3-Feb-19,1650,179,25133,496,455,578,45500,936318,42086,100715,40000
10-Feb-19,2050,179,25450,497,470,576,46000,925879,41996,107579,40500
17-Feb-19,2300,177,25833,515,505,570,47000,917156,42115,113973,41500
24-Feb-19,2050,180,25333,518,525,571,47000,929032,44729,114728,42000
3-Mar-19,2050,183,25200,526,525,577,47000,946630,48036,113917,42000
10-Mar-19,2000,183,25300,535,525,570,47000,964228,51344,113106,42800
17-Mar-19,2000,183,25150,528,513,575,47000,979844,54405,111995,42500
24-Mar-19,2000,181,24875,537,515,577,47000,971668,54507,107298,42500
31-Mar-19,1850,177,24933,537,515,573,47000,956883,53788,101605,42000
7-Apr-19,1850,175,25117,528,508,564,46000,942098,53068,95911,42000
14-Apr-19,1850,174,25233,533,508,561,47000,927313,52349,90217,42500
21-Apr-19,2000,179,25133,540,490,558,47000,923163,51688,84126,42250
28-Apr-19,2000,181,24983,538,483,551,47000,933194,51103,77505,42000
5-May-19,2000,182,25100,530,475,546,46500,943224,50519,70884,41750
12-May-19,2000,183,25100,533,473,538,46500,953255,49935,64263,41500
19-May-19,2000,183,24917,523,470,536,46000,961918,49596,58340,41000
26-May-19,2200,183,24983,515,470,534,46000,965658,50142,54934,41000
2-Jun-19,2200,188,24783,508,480,533,46000,968989,50762,51737,41000
9-Jun-19,2100,184,24783,503,483,550,46000,972319,51382,48540,41000
16-Jun-19,2000,181,24533,500,483,549,46000,975520,52114,45701,41000
23-Jun-19,2000,179,23867,485,478,546,45500,974474,56545,54683,40500
30-Jun-19,2000,177,22700,503,475,549,45000,971496,62658,69038,40000
7-Jul-19,2000,174,22300,515,475,542,45000,968519,68770,83393,40000
14-Jul-19,2000,173,21317,509,488,536,44250,965541,74883,97749,39250
21-Jul-19,2000,171,21117,509,493,534,43750,960459,76630,110369,38750
28-Jul-19,2050,165,21150,509,495,524,43500,952571,72557,120675,38250
4-Aug-19,2050,160,21133,508,493,522,42750,944682,68485,130981,37750
11-Aug-19,2050,151,20750,500,478,532,42750,936794,64412,141287,37250
18-Aug-19,2050,146,20940,490,478,524,42750,930100,60693,151615,37250
25-Aug-19,2050,139,21450,483,475,521,41500,930771,59157,162084,37250
1-Sep-19,1900,138,21667,473,455,520,41000,932637,57975,172576,36750
8-Sep-19,1900,137,21433,470,455,517,41000,934503,56793,183068,36250
15-Sep-19,1800,138,21517,463,434,514,40500,936369,55611,193560,35750
22-Sep-19,1800,138,21467,463,428,505,40500,938967,51381,190541,35500
29-Sep-19,1800,120,21250,458,420,492,40500,942115,44866,177390,34750
6-Oct-19,1750,118,21140,453,410,492,40250,945264,38350,164240,34750
13-Oct-19,1750,123,20400,453,405,478,39750,948412,31834,151089,34750
20-Oct-19,1750,125,20650,443,390,479,39350,949469,26955,140987,34500
27-Oct-19,1750,127,20617,428,380,479,39350,945924,25676,137592,34500
3-Nov-19,1750,128,21140,435,368,479,39000,942239,24507,134400,34500
10-Nov-19,1750,125,21583,438,368,476,39250,938555,23337,131209,34750
17-Nov-19,1750,122,21817,443,380,469,39500,935616,22503,128138,35250
24-Nov-19,1950,123,21383,458,398,471,39500,941624,25689,126510,35250
1-Dec-19,1950,121,21050,463,400,470,40250,950117,29991,125284,35500
8-Dec-19,1950,121,21300,468,410,474,40500,958610,34294,124058,35800
15-Dec-19,1950,121,21367,473,430,479,40500,967103,38596,122832,35750
22-Dec-19,2050,121,21617,483,465,480,40750,975545,39785,118319,35750
29-Dec-19,2250,122,22340,486,467,480,41750,983947,38639,111342,36500
5-Jan-20,2550,122,22875,493,468,487,43250,992350,37493,104365,37250
12-Jan-20,2550,122,23000,495,465,487,43750,1000753,36347,97388,37370
19-Jan-20,2550,128,23017,503,483,496,45250,1008806,34940,91463,39500
26-Jan-20,2500,129,23050,503,483,506,45250,1015602,32593,89324,39800
2-Feb-20,2500,135,22950,503,483,514,44750,1022292,30168,87501,39500
9-Feb-20,2350,137,22667,493,483,519,45500,1028983,27743,85677,39500
16-Feb-20,2350,139,22467,485,478,520,45500,1034723,25422,84010,39250
23-Feb-20,2350,143,23183,470,470,518,45250,1009104,26539,87489,38750
1-Mar-20,2350,148,23600,480,470,529,45000,969231,29219,93308,38300
8-Mar-20,2250,146,23350,480,470,540,44750,929358,31898,99127,38250
15-Mar-20,2250,146,23225,470,468,543,44500,889485,34578,104945,38250
22-Mar-20,2250,147,22600,455,458,525,44500,805245,35049,104077,38250
29-Mar-20,2250,145,22600,427,440,522,44500,687731,33863,98194,38250
5-Apr-20,2250,135,22600,415,420,518,44500,570217,32677,92311,38250
12-Apr-20,2250,123,22600,408,368,512,44500,452702,31491,86427,38250
19-Apr-20,1900,122,22600,408,365,493,44500,373936,30686,88784,38250
26-Apr-20,1900,107,22600,403,365,488,44500,434664,31256,120802,38250
3-May-20,1900,91,22600,402,363,485,44500,507017,31940,155292,38250
10-May-20,1900,89,22600,403,358,474,44750,579369,32625,189782,37750
17-May-20,1900,89,22600,413,358,469,43000,649416,33072,223716,37250
24-May-20,1900,92,22600,428,355,463,43000,691803,30676,250973,37125
31-May-20,1900,91,20617,433,358,457,42500,726506,27490,276377,36750
7-Jun-20,1900,90,21167,433,370,460,42250,761209,24304,301780,36250
14-Jun-20,1900,90,21067,438,370,452,42000,795911,21118,327184,36000
21-Jun-20,1900,90,20017,445,408,446,41500,826986,19053,330163,35750
28-Jun-20,1850,93,19617,443,410,446,41000,853222,18484,303242,35750
5-Jul-20,1900,94,19867,445,410,449,41000,879458,17916,276321,35750
12-Jul-20,1950,94,20083,455,408,456,41000,905695,17347,249400,36000
19-Jul-20,2050,88,20733,458,403,459,41500,928422,16226,228368,36000
26-Jul-20,2350,88,21517,478,408,466,42600,938518,13115,228535,37000
2-Aug-20,2350,89,22233,485,408,479,43000,947562,9839,230468,37800
9-Aug-20,2350,87,22740,495,440,487,44500,956605,6563,232402,38750
16-Aug-20,2600,87,23880,508,470,492,45100,965396,3455,233796,39500
23-Aug-20,3050,86,23400,508,478,508,45750,965851,5920,217403,40750
30-Aug-20,2950,86,23283,515,478,526,45750,962518,10918,192924,40000
6-Sep-20,3100,86,23867,523,485,535,46500,959185,15916,168445,41500
13-Sep-20,3150,92,24200,528,498,560,48250,955852,20913,143966,41000
20-Sep-20,3450,103,23833,518,510,575,49750,958493,24010,123178,40800
27-Sep-20,3750,111,23633,508,510,574,50250,974277,22926,110510,41250
4-Oct-20,3750,115,23480,503,510,583,51000,990460,21714,98089,41600
11-Oct-20,3500,113,23833,503,510,588,53250,1006642,20503,85667,42750
18-Oct-20,3500,108,24083,515,488,582,53250,1020906,19589,75850,42750
25-Oct-20,3500,104,24350,525,485,593,53250,1023339,20511,82100,42750
1-Nov-20,3900,99,24783,523,485,595,53500,1023854,21730,90955,43000
8-Nov-20,4000,100,25250,528,485,608,54500,1024369,22949,99810,44500
15-Nov-20,4800,97,25220,538,520,613,54500,1024883,24168,108665,46000
22-Nov-20,6250,91,25867,548,525,629,55000,1036203,25500,108625,46500
29-Nov-20,6200,92,25500,568,553,645,55500,1055627,26917,101914,47000
6-Dec-20,6150,93,26833,593,614,683,56500,1075051,28334,95202,48250
13-Dec-20,6150,94,27367,633,645,732,60000,1094475,29750,88491,51000
20-Dec-20,6150,93,28683,653,688,784,61000,1104067,30875,82328,52000
27-Dec-20,6200,93,29040,710,715,805,63000,1092028,31355,77369,54500
3-Jan-21,6150,94,30300,695,740,814,64750,1079333,31817,72448,55250
10-Jan-21,6100,94,30150,665,758,825,68500,1066638,32278,67527,58000
17-Jan-21,6000,99,29000,680,788,851,68500,1053379,32534,63075,57000
24-Jan-21,6000,110,27217,645,773,862,68250,1033346,30325,64261,57000
31-Jan-21,5900,126,26460,625,752,869,67500,1011431,27431,67013,55500
7-Feb-21,5500,139,25850,645,710,860,66750,989517,24538,69765,55250
14-Feb-21,5250,133,27183,645,703,870,66250,967602,21644,72517,54500
21-Feb-21,5200,133,28533,670,698,883,65500,967459,21791,87904,53750
28-Feb-21,5200,125,28783,700,715,889,65000,996344,25994,120136,54000
7-Mar-21,5150,118,29617,709,730,897,65000,1025229,30196,152369,54000
14-Mar-21,5150,114,29467,718,730,907,65000,1054115,34398,184602,54125
21-Mar-21,5250,110,29550,745,805,939,65500,1061436,35054,194398,54250
28-Mar-21,5200,108,29800,768,823,961,66083,1040006,30981,174279,55688
4-Apr-21,6400,108,31375,830,840,998,68417,1018576,26909,154160,58667
11-Apr-21,6700,107,32050,830,840,1050,71500,997145,22836,134041,60500
18-Apr-21,7100,106,32867,890,895,1089,74500,976897,19266,118092,63400
25-Apr-21,7800,105,33233,900,950,1149,77500,963940,18795,127864,64750
2-May-21,7800,105,34200,915,990,1196,80188,952164,18828,141807,65125
9-May-21,7600,103,35367,965,990,1219,81000,940389,18860,155749,66750
16-May-21,9300,105,36667,1055,1010,1293,81375,929004,18915,169350,66500
23-May-21,9300,115,36400,1065,1065,1343,81375,930522,19703,171663,65667
30-May-21,8900,129,34617,985,1090,1375,81250,937903,20825,168845,65083
6-Jun-21,9150,139,34517,945,1090,1389,83667,945285,21947,166027,67500
13-Jun-21,9150,147,34617,945,1000,1391,83750,952667,23069,163209,67500
20-Jun-21,9150,154,34483,945,1000,1380,84063,960555,23480,160744,67500
27-Jun-21,9400,159,34200,943,995,1410,82500,969555,22328,159055,66500
4-Jul-21,9600,166,33317,943,975,1404,82400,978589,21129,157391,66500
11-Jul-21,9100,175,32750,930,950,1396,80900,987624,19929,155726,65000
18-Jul-21,9400,180,33367,940,930,1383,79500,996484,18972,155552,64500
25-Jul-21,9200,183,33917,945,930,1378,79500,1004270,19504,164571,64100
1-Aug-21,8800,186,35283,975,922,1383,77700,1011883,20277,175081,65500
8-Aug-21,8700,189,35800,1020,920,1376,79500,1019495,21051,185591,67300
15-Aug-21,8500,194,35100,1015,925,1351,78300,1027108,21825,196101,67200
22-Aug-21,8100,198,35467,1010,920,1341,77800,1025321,22679,193343,66400
29-Aug-21,6900,209,34700,985,920,1335,76800,1016486,23594,180634,66300
5-Sep-21,6750,224,34400,975,885,1333,75500,1007651,24509,167926,65500
12-Sep-21,6400,254,34600,985,875,1329,75300,998816,25424,155217,65500
19-Sep-21,5750,302,34933,985,860,1314,73300,994095,25746,144964,65500
26-Sep-21,5050,336,34733,985,853,1277,72500,1004183,23932,143547,65300
3-Oct-21,5050,334,35240,980,843,1237,72500,1015506,21940,142866,65300
10-Oct-21,5350,331,36567,980,810,1211,75300,1026829,19948,142186,67800
17-Oct-21,5550,333,38020,985,810,1203,75900,1037033,18035,141052,70900
24-Oct-21,6200,335,37900,980,830,1195,75900,1033817,17073,134478,72500
31-Oct-21,6100,336,36800,950,860,1186,75800,1026874,16375,126392,71600
7-Nov-21,6000,338,37300,875,875,1175,75800,1019930,15677,118306,71600
14-Nov-21,5950,336,36750,815,850,1152,77500,1012987,14978,110220,72100
21-Nov-21,5550,318,36833,785,835,1127,75800,1015261,15270,103059,71000
28-Nov-21,5200,278,36183,780,838,1109,74500,1029825,16880,97131,68800
5-Dec-21,5100,270,35633,775,805,1090,72500,1044390,18490,91203,67500
12-Dec-21,5050,288,35333,780,795,1061,72300,1058954,20101,85274,66800
19-Dec-21,4500,293,36150,775,793,1045,70000,1072261,22879,87781,65300
26-Dec-21,4750,296,35600,780,785,1046,68900,1081044,29861,120653,64200
2-Jan-22,4750,308,36400,765,785,1045,67500,1089450,30207,97700,63100
9-Jan-22,4750,309,36400,765,785,1045,66900,1097855,57538,90500,63600
16-Jan-22,4600,343,37050,765,765,1054,66900,1105713,52507,12300,63600
23-Jan-22,4900,380,37383,765,760,1056,66900,1095503,13502,118472,63600
30-Jan-22,5300,398,37720,775,785,1041,67900,1077080,55395,147750,65300
6-Feb-22,5400,398,38317,793,810,1069,70400,1058656,50150,199218,66300
13-Feb-22,5900,394,38050,815,900,1103,70400,1040233,50619,110808,66500
20-Feb-22,5900,393,37900,830,900,1095,70400,1034939,46441,79752,66500
27-Feb-22,6200,402,39500,830,890,1084,71300,1058529,50850,157686,66000
6-Mar-22,6500,436,43033,860,890,1100,73200,1082995,39304,317544,68400
13-Mar-22,6800,601,46483,915,900,1285,81400,1107460,39468,43500,74400
20-Mar-22,6300,641,42500,850,910,1551,81400,1119335,18329,166782,74400
27-Mar-22,6150,571,43883,870,920,1574,83500,1103513,34536,223399,73900
3-Apr-22,6000,494,43067,920,230,1552,85800,1086850,7500,125197,76500
10-Apr-22,6000,387,43317,920,945,1512,89000,1070188,53421,14600,78800
17-Apr-22,5700,446,42400,935,965,1477,86800,1055035,35753,48697,76600
24-Apr-22,6050,464,45217,900,940,1454,85700,1057993,26406,55253,75000
1-May-22,5700,458,44167,850,935,1371,83500,1065982,29373,191298,73700
8-May-22,5650,473,44000,850,935,1305,82600,1073971,17456,146750,72500
15-May-22,5550,477,43850,820,890,1215,81300,1081959,52001,27500,71400
22-May-22,4800,491,42750,810,820,1154,79300,1074898,23452,59350,69300
29-May-22,4000,463,38500,789,780,1114,75800,1056549,38575,164544,66100
5-Jun-22,3600,407,38483,780,750,1049,73000,1038200,5655,128848,63800
12-Jun-22,3300,358,37983,785,710,1011,72000,1019852,59964,105073,63100
19-Jun-22,3150,342,37833,760,700,943,69500,1005828,71054,55510,61400
26-Jun-22,3100,333,37500,695,630,914,69000,1007377,85595,98487,61300
3-Jul-22,3200,280,38550,675,590,883,68500,1010223,26996,103650,60200
10-Jul-22,3500,245,39767,660,600,867,68000,1013069,68137,67000,59800
17-Jul-22,3500,213,42467,618,613,860,68000,1015882,34703,38897,59800
24-Jul-22,3550,198,40700,625,590,874,68000,1018298,80510,41492,59600
31-Jul-22,3650,180,40717,588,600,867,67600,1020604,59031,56006,57800
7-Aug-22,3250,173,42667,605,570,844,67500,1022910,24125,116023,57400
14-Aug-22,3600,195,42560,612,570,790,66900,1025216,22175,0.1,57300
21-Aug-22,3400,241,43320,620,570,760,66900,1023556,79664,69855,57300
28-Aug-22,3400,254,42583,605,570,707,66800,1016606,110623,81466,56700
4-Sep-22,3400,255,41300,590,520,754,66300,1009656,29098,69300,55900
11-Sep-22,3450,258,40200,580,553,770,65700,1002706,65400,27000,55200
18-Sep-22,3400,246,39450,595,558,752,65700,998445,130699,71750,56100
25-Sep-22,3500,237,38717,575,564,727,65700,1010760,45451,101574,56500
2-Oct-22,3500,247,39250,575,565,712,66200,1025764,10618,176000,57500
9-Oct-22,3500,254,39360,590,585,715,66200,1040768,145023,6000,57500
16-Oct-22,3500,264,39400,590,580,672,65600,1055495,39666,8000,57000
23-Oct-22,3700,275,38483,580,590,645,65300,1061081,158933,32000,56300
30-Oct-22,3600,288,37825,575,560,649,65300,1062511,73950,109708,56300
6-Nov-22,3500,294,36983,570,544,641,63600,1063942,62494,73900,56100
13-Nov-22,3400,296,36150,515,528,650,63400,1065373,26199,0.1,56100
20-Nov-22,3400,264,34100,570,525,648,62600,1070331,58105,5400,56100
27-Nov-22,3900,232,33800,550,525,629,62600,1083051,129157,70653,56100
4-Dec-22,4250,229,34700,545,518,635,62100,1096006,43209,107919,55600
11-Dec-22,4350,231,36217,580,550,659,60300,1108961,72582,0.1,54100
18-Dec-22,4500,230,36267,590,578,700,59400,1119700,58706,0.1,53500
25-Dec-22,4500,249,36300,600,588,712,59200,1116777,89040,6466,53700
1-Jan-23,4700,268,38000,605,588,724,59200,1111639,121332,216050,54500
8-Jan-23,4850,280,38350,610,588,736,61400,1106501,54473,43500,56900
15-Jan-23,4900,287,37517,625,613,769,62000,1101363,109431,19500,56900
22-Jan-23,5000,296,37433,645,613,802,63500,1086132,53531,61500,57900
29-Jan-23,5250,304,37080,645,688,824,64700,1063330,100951,229950,59700
5-Feb-23,5400,317,36583,655,688,821,65400,1040529,74322,0.1,60900
12-Feb-23,5400,338,36000,655,680,818,65300,1017727,51899,19220,59800
19-Feb-23,5400,350,36417,660,680,832,64000,1005385,105432,11000,58300
26-Feb-23,5700,340,36900,675,695,843,64300,1030697,95546,143000,59300
5-Mar-23,5700,318,37433,675,730,856,65100,1059148,77629,150287,60700
12-Mar-23,5700,330,38667,695,780,887,65100,1087598,13884,23250,60700
19-Mar-23,5700,316,38767,695,780,905,64800,1109260,144687,62134,60000
26-Mar-23,5700,301,37600,695,750,918,64600,1106485,27111,174039,60000
2-Apr-23,5700,281,37883,685,735,927,64400,1101673,90356,137700,59900
9-Apr-23,5700,261,38500,680,720,933,64500,1096862,26046,0.1,60200
16-Apr-23,5700,251,38250,665,705,933,64500,1092119,38685,27000,60100
23-Apr-23,5700,238,38417,665,650,920,64250,1089654,36442,69545,59950
30-Apr-23,5600,216,37683,615,630,917,63650,1088224,49281,258433,59500
7-May-23,5600,205,36767,598,630,892,63150,1086794,35225,181080,59000
14-May-23,5600,215,37133,580,630,873,62900,1085364,17914,20346,58450
21-May-23,5400,206,38167,550,595,832,62700,1082430,28488,79200,57350
28-May-23,5400,198,37483,545,595,809,61950,1077491,99495,126639,56800
4-Jun-23,5500,200,37583,530,595,782,61100,1072552,39612,123800,56000
11-Jun-23,5500,202,37200,560,580,757,60200,1067612,78309,46000,55250
18-Jun-23,5200,200,37000,550,580,746,59700,1063830,68123,7443,55500
25-Jun-23,5200,201,36967,557,580,738,59650,1067183,81924,35416,55400
2-Jul-23,4950,203,36283,550,575,734,59200,1071693,56519,103250,55150
9-Jul-23,4800,197,34617,560,575,745,59100,1076203,42637,27000,55200
16-Jul-23,4700,196,34000,550,570,745,59100,1080807,145370,66390,55300
23-Jul-23,4200,200,34483,555,585,736,59400,1088510,77157,10974,55600
30-Jul-23,4200,204,33650,585,570,719,59950,1097622,90915,113730,55900
6-Aug-23,4200,210,34750,583,565,704,60400,1106734,122605,145338,56000
13-Aug-23,4200,216,34900,570,565,702,60800,1115846,103764,2000,56400
20-Aug-23,4400,221,35640,560,569,689,60800,1120396,122231,56900,56400
27-Aug-23,4400,224,35967,550,565,701,60800,1114909,46158,39200,56400
3-Sep-23,4500,229,36500,550,565,722,61200,1109119,133668,107000,56700
10-Sep-23,4600,233,36733,558,560,706,61650,1103328,24092,25000,57650
17-Sep-23,4950,244,36717,555,570,679,62000,1098467,67820,1000,57700
24-Sep-23,5300,259,36967,560,570,672,63000,1104761,69530,25724,57950
1-Oct-23,5300,260,36933,550,570,661,63900,1114155,65539,76000,58850
8-Oct-23,5100,268,36500,550,570,657,63900,1123549,83129,90836,58950
15-Oct-23,5000,276,36000,530,570,643,63550,1132943,153473,1000,58450
22-Oct-23,5100,276,35250,530,575,643,63300,1133027,77507,1000,57700
29-Oct-23,4700,270,34240,520,575,641,63100,1126129,134154,8450,56500
5-Nov-23,4850,272,33950,530,565,673,63100,1119231,208205,55500,55950
12-Nov-23,4900,259,33667,545,560,688,62800,1112333,159675,2000,55300
19-Nov-23,4900,253,33780,550,560,709,62800,1108666,285635,0.1,55300
26-Nov-23,5000,255,34000,565,570,728,62400,1116629,304285,0.1,55000
3-Dec-23,5000,269,33417,575,570,732,62450,1125560,195580,0.1,55050
10-Dec-23,5000,277,33933,575,590,739,62500,1134492,127106,33771,55200
17-Dec-23,5100,275,34133,575,590,744,62500,1143263,17473,10000,55100
24-Dec-23,5500,270,33783,575,600,756,62500,1150094,181555,116586,55000
31-Dec-23,5500,277,33540,575,600,764,62200,1156387,124838,233226,55000
7-Jan-24,5500,275,33500,575,600,778,62200,1162680,100094,27100,54600
14-Jan-24,5500,275,33133,580,605,800,62100,1168973,162942,0.1,54400
21-Jan-24,5850,273,33000,570,605,808,61950,1171501,149283,64500,54100
28-Jan-24,5800,270,33000,570,600,813,61700,1169008,91025,105216,54000
4-Feb-24,5800,269,32783,575,598,823,61950,1166516,175853,369009,54000
11-Feb-24,5800,261,32533,565,603,803,61700,1164023,174755,38200,54050
18-Feb-24,5650,262,32500,565,603,784,61600,1164229,109661,52180,54000
25-Feb-24,5450,261,33067,565,603,778,61600,1181070,76964,128496,53850
3-Mar-24,5250,260,33517,555,592,774,61500,1200608,86024,399707,53600
10-Mar-24,5100,255,33633,555,592,769,61300,1220147,19686,93225,52900
17-Mar-24,5100,239,33500,540,560,755,61300,1236251,69790,36000,52700
24-Mar-24,4750,218,33050,540,555,734,61100,1211143,71462,156061,52600
31-Mar-24,4550,207,33000,535,560,699,61100,1174587,158768,173284,52000
7-Apr-24,4600,200,33350,535,563,693,61000,1138030,133416,41950,51750
14-Apr-24,4600,186,34000,535,565,680,61200,1101474,112681,41241,51950
21-Apr-24,4950,202,34867,535,560,666,61700,1084057,76702,33808,52925
28-Apr-24,4950,209,35000,540,560,663,60900,1092159,77170,130356,53400
5-May-24,5000,208,35767,540,562,679,61200,1100262,48276,137355,53900
12-May-24,5000,205,36500,545,562,690,61250,1108364,103210,29200,54350
19-May-24,5000,206,35917,545,562,685,61150,1112216,55058,0.1,53900
26-May-24,5400,205,36400,540,562,690,60850,1100769,63911,58374,54200
2-Jun-24,5500,206,36467,540,562,680,60700,1088047,110188,84336,53900
9-Jun-24,5450,217,36333,530,562,686,60700,1075325,84410,45560,53900
16-Jun-24,5300,224,35433,525,552,676,60450,1062832,56834,0.1,53950
23-Jun-24,4800,224,34600,520,547,674,60300,1057895,119704,0.1,53850
30-Jun-24,4750,209,33733,515,545,674,59900,1056393,106232,21900,53650
7-Jul-24,4700,216,33817,515,545,675,60050,1054890,123794,35818,53200
14-Jul-24,4500,220,33100,510,545,672,59600,1053388,108899,11423,52750
21-Jul-24,4300,208,33067,510,545,682,59750,1065014,91529,6540,52100
28-Jul-24,4650,203,33283,500,545,690,59150,1094145,160705,15751,51500
4-Aug-24,4500,200,32917,495,543,676,58700,1123276,302135,0.1,51250
11-Aug-24,4450,198,32667,495,530,672,58150,1152407,71813,0.1,51050
18-Aug-24,4300,191,32900,480,515,662,57450,1177176,122997,11450,50350
25-Aug-24,4200,183,32840,455,495,669,57400,1175047,111561,11305,50300
1-Sep-24,4100,174,32500,465,495,664,57350,1168556,156309,61773,50150
8-Sep-24,4200,167,32580,465,480,654,56300,1162065,197222,57024,49000
15-Sep-24,4200,156,32467,450,470,629,56050,1155574,214120,0.1,48500
22-Sep-24,4500,155,32400,460,470,617,55900,1146047,134473,0.1,47100
29-Sep-24,4500,161,32883,468,470,618,55500,1134242,174834,13199,47050
6-Oct-24,4800,169,33380,510,470,608,55450,1122438,215148,122425,47700
13-Oct-24,5000,171,33820,533,505,609,55700,1110633,114244,48300,48600
20-Oct-24,5600,173,33750,525,500,595,55850,1103014,163511,11300,48550
27-Oct-24,5600,167,32700,505,500,601,55850,1104605,131197,76849,48150
3-Nov-24,5600,169,32250,510,505,606,55900,1106474,72979,76358,48000
10-Nov-24,5450,171,32567,510,510,610,56000,1108343,95201,26011,48250
17-Nov-24,5350,172,33117,495,510,591,56050,1111044,205667,0.1,48100
24-Nov-24,5300,170,32500,485,505,592,54700,1123725,135893,0.1,48050
1-Dec-24,5250,169,32767,485,505,582,54200,1139179,114267,113266,47850
8-Dec-24,5250,167,32433,490,495,578,53900,1154632,37809,71728,47350
15-Dec-24,5350,165,32583,495,490,582,53700,1170085,114670,25000,47100
22-Dec-24,5300,164,32750,490,485,588,53400,1184482,91163,2000,46550
29-Dec-24,5250,159,32780,480,485,582,53350,1198087,147308,146521,46700
5-Jan-25,5200,157,32475,475,485,581,53400,1211692,117813,9000,46600
12-Jan-25,5200,156,32167,465,485,582,53400,1225297,124296,0.1,46600
19-Jan-25,5000,155,32000,455,485,582,53550,1231007,113402,0.1,46500
26-Jan-25,4900,154,31783,475,475,603,53600,1208294,74402,27500,47000
2-Feb-25,4900,151,31933,475,475,615,53650,1183214,95714,102003,48300
9-Feb-25,4800,149,32100,475,480,608,53700,1158133,102088,18619,48600
16-Feb-25,4850,145,32433,470,485,611,54250,1134302,110725,500,48500
23-Feb-25,5000,143,32500,470,485,629,55100,1151675,117757,16500,48350
2-Mar-25,5050,143,32717,475,485,633,55100,1187779,59251,115820,48200
9-Mar-25,5100,143,32400,470,485,648,56250,1223883,84436,14864,48750
16-Mar-25,5100,143,32400,465,485,683,56500,1258599,46106,500,49600
23-Mar-25,5100,139,32667,465,480,688,57300,1247529,86179,13681,50650
30-Mar-25,5200,139,32900,470,480,687,57600,1215646,40489,96974,52000
6-Apr-25,5200,139,33367,465,480,702,57950,1183763,79024,72019,52350
13-Apr-25,5200,143,33650,465,480,716,58400,1151880,18118,0.1,51900
20-Apr-25,5250,146,33917,455,480,739,58500,1132007,68299,17139,51400
27-Apr-25,5300,149,33600,455,480,655,59000,1138558,99020,48810,52050
4-May-25,5300,151,33367,455,465,670,59550,1145909,37675,83582,52850
11-May-25,5300,149,33000,450,465,640,59600,1153260,42813,500,52500
18-May-25,5100,149,32867,458,462,660,58900,1161326,80314,0.1,51950
25-May-25,5100,149,32733,455,460,689,58350,1173800,98110,0.1,51850
1-Jun-25,5100,148,32550,455,460,679,58450,1186990,64193,77211,51450
8-Jun-25,5050,147,31900,445,455,682,58350,1200179,24447,47247,51400
15-Jun-25,5050,142,31333,445,455,675,58050,1213368,71085,15503,51200
22-Jun-25,4800,136,30633,445,450,674,57950,1223712,91544,300,50850
29-Jun-25,4800,133,30800,445,450,665,57900,1231922,101885,50663,50750
6-Jul-25,4850,137,30833,445,450,657,56900,1240131,133314,35216,50400
13-Jul-25,5000,136,30683,450,450,641,56350,1248341,110067,10545,49700
20-Jul-25,5200,136,30500,458,450,625,56000,1256994,139896,28795,49200
27-Jul-25,5350,141,30583,478,445,635,56050,1266623,81026,49545,48750
3-Aug-25,5350,148,30700,490,445,639,56250,1276281,104859,67369,49200
10-Aug-25,5500,149,31360,480,450,663,57000,1285940,101738,61841,50200
17-Aug-25,5500,153,31500,495,450,667,57000,1295388,70984,5825,50000
24-Aug-25,5500,157,31467,485,455,667,57000,1302319,66499,36802,49875
31-Aug-25,5500,156,30833,480,455,670,56900,1308550,82512,95650,49600
7-Sep-25,5500,155,30950,475,460,672,56750,1314781,89721,92607,49500
14-Sep-25,5500,157,31300,480,460,674,56375,1321012,112522,17916,49350
21-Sep-25,5300,158,31200,480,460,674,56050,1319813,179332,1000,49150
28-Sep-25,5300,164,31267,485,465,669,56000,1308706,70658,102018,48900
5-Oct-25,5300,164,30700,470,465,668,55800,1297599,72734,180522,48500
12-Oct-25,5300,163,30267,470,460,660,55700,1286491,92441,53460,48300
19-Oct-25,5300,163,29917,465,460,679,55400,1276878,105162,10000,47850
26-Oct-25,5300,165,29667,460,455,679,55400,1272639,89163,53602,47850
2-Nov-25,5300,168,29900,460,455,700,55000,1268848,75662,211801,47200
9-Nov-25,5400,181,30267,465,450,701,55400,1265058,41827,21741,47450
16-Nov-25,5500,177,29900,460,445,711,55050,1261421,66812,58355,47000
23-Nov-25,5600,174,29600,460,440,702,54750,1262867,75085,30605,46450
30-Nov-25,5600,170,29900,470,440,700,54150,1266623,45643,196293,46100
7-Dec-25,5700,169,30217,475,445,710,53900,1270379,78308,147487,45750
14-Dec-25,5700,169,30300,470,445,722,53750,1274135,65629,40580,45850
21-Dec-25,5700,171,30633,465,450,722,54100,1276281,95675,31506,46800
28-Dec-25,5750,172,30980,465,460,730,55300,1276281,106250,114616,48650
4-Jan-26,5800,172,31600,465,460,729,57600,1276281,63916,116154,51000
11-Jan-26,5800,172,31700,465,460,725,57000,1276281,43520,0.1,50900
18-Jan-26,5900,182,31960,473,460,732,57450,1276281,79283,30000,51850
25-Jan-26,6000,208,32317,470,460,742,58000,1276281,61073,90335,52450
