Date,"Iron Ore Fines, Odisha Index, India : 0-10mm, Fe 62% 1428","Coal - Richards Bay,South Africa - India - RB2 (5500 NAR)",Pellet_Exw_Raipur,"Mumbai: Scrap Price 80:20 INR/t, 1047","Pig Iron, DAP-Raipur, India : Steel Grade","Sponge Iron, CDRI, DAP Durgapur, India : Mix (70% Lumps, 30% Fines), FeM 78% (+/-1)","Rebar, Exw-Mumbai, India : 12-25mm, IF Route,Fe 500, IS 1786","Sponge Iron, PDRI, Exw-Raipur, India : Lumps,FeM 80%, +/-1","Ingot, Exw-Raipur, India, 3.5 x 4.5 Inch, IS 2830",WPI_MS_Bright_Bars,"Billet, DAP-Mumbai, India,100x100mm, IS 2831",Rebar production IF,"Rebar, Exw-Raipur, India : 12-25mm, IF Route,Fe 500, IS 1786"
2013-01-06,1968.087029999,70.3058089560859,8800.0,22680.0,24000.0,24500.0,36125.0,20100.0,30300.0,100.1,32040.0,0.244637785596201,34200.0
2013-01-13,1968.087029999,71.6821367418307,9100.0,22883.3333333333,24000.0,24450.0,36583.3333333333,20133.3333333333,29900.0,100.18,32216.67,0.244637785596201,34700.0
2013-01-20,1968.087029999,71.6879948959215,9100.0,22700.0,24000.0,23900.0,36700.0,19716.6666666667,29400.0,100.55,32116.67,0.244637785596201,33633.3333333333
2013-01-27,1968.087029999,69.4527708563053,9100.0,23000.0,24000.0,23140.0,36640.0,19220.0,28900.0,100.92,31940.0,0.244637785596201,32980.0
2013-02-03,1968.087029999,69.4648691821517,9100.0,22750.0,24000.0,22700.0,36350.0,18950.0,28800.0,100.84,31633.33,0.244637785596201,32933.3333333333
2013-02-10,1866.56178669683,69.4809852628699,9200.0,22700.0,24000.0,23220.0,35966.6666666667,19100.0,29200.0,100.38,31500.0,0.244637785596201,32766.6666666667
2013-02-17,1866.56178669683,69.4809852628699,9200.0,22800.0,24300.0,23516.6666666667,36033.3333333333,19233.3333333333,29300.0,99.92,31833.33,0.244637785596201,33150.0
2013-02-24,1815.79916504575,70.6231829271572,9200.0,22700.0,24400.0,23433.3333333333,35550.0,19200.0,29300.0,99.46,31650.0,0.244637785596201,33233.3333333333
2013-03-03,1815.79916504575,70.6423549439034,9200.0,22450.0,24200.0,23260.0,35650.0,19080.0,28700.0,99.18,31641.67,0.244637785596201,32933.3333333333
2013-03-10,1765.03654339466,70.6552670562864,9000.0,22483.3333333333,24200.0,23100.0,35533.3333333333,19066.6666666667,28900.0,99.37,31533.33,0.244637785596201,32716.6666666667
2013-03-17,1781.95741727836,70.6699494623779,9000.0,22566.6666666667,24200.0,23366.6666666667,35350.0,19100.0,28700.0,99.55,31625.0,0.244637785596201,32900.0
2013-03-24,1781.95741727836,70.6870396990699,9000.0,22533.3333333333,24200.0,22933.3333333333,35116.6666666667,18783.3333333333,28400.0,99.73,31508.33,0.244637785596201,32500.0
2013-03-31,1781.95741727836,70.7129143352456,9000.0,22500.0,24200.0,21875.0,34925.0,18575.0,28400.0,99.92,31375.0,0.244637785596201,32450.0
2013-04-07,1781.95741727836,66.6103530465431,9000.0,22650.0,24200.0,20000.0,34716.6666666667,18833.3333333333,28700.0,99.88,31383.33,0.244637785596201,32933.3333333333
2013-04-14,1781.95741727836,68.8813648650627,9000.0,22633.3333333333,24200.0,20416.6666666667,34650.0,18700.0,28800.0,99.66,31383.33,0.244637785596201,33866.6666666667
2013-04-21,1781.95741727836,68.519257894036,9000.0,22700.0,25000.0,20550.0,34933.3333333333,18466.6666666667,28500.0,99.44,31400.0,0.244637785596201,33600.0
2013-04-28,1781.95741727836,66.6517035386152,9000.0,22500.0,25000.0,19933.3333333333,34500.0,18100.0,27900.0,99.22,30725.0,0.244637785596201,32650.0
2013-05-05,1781.95741727836,67.0398566328484,9000.0,22133.3333333333,25000.0,19566.6666666667,33766.6666666667,17916.6666666667,27600.0,98.84,29916.67,0.244637785596201,32100.0
2013-05-12,1781.95741727836,68.1819695811513,9000.0,21700.0,25000.0,19316.6666666667,33850.0,17660.0,27500.0,98.68,30066.67,0.244637785596201,31983.3333333333
2013-05-19,1781.95741727836,68.2010622111019,9000.0,21450.0,25000.0,19666.6666666667,33716.6666666667,18233.3333333333,28000.0,98.52,29908.33,0.244637785596201,32583.3333333333
2013-05-26,1781.95741727836,68.2201235450299,8750.0,21400.0,25000.0,19283.3333333333,33616.6666666667,18233.3333333333,27400.0,98.36,29950.0,0.244637785596201,32550.0
2013-06-02,1781.95741727836,68.9857846827705,8400.0,21650.0,25000.0,19233.3333333333,33700.0,18050.0,27600.0,97.82,30150.0,0.244637785596201,32133.3333333333
2013-06-09,1781.95741727836,68.6231956822711,8300.0,22200.0,25000.0,19216.6666666667,33916.6666666667,18083.3333333333,27650.0,97.43,30183.33,0.244637785596201,32333.3333333333
2013-06-16,1781.95741727836,68.2521681418234,8200.0,22533.3333333333,24800.0,19150.0,33600.0,18016.6666666667,27500.0,97.05,30000.0,0.244637785596201,32166.6666666667
2013-06-23,1748.11566951097,64.5008281783147,7850.0,22883.3333333333,24800.0,18416.6666666667,33350.0,17966.6666666667,27400.0,96.67,29466.67,0.244637785596201,31883.3333333333
2013-06-30,1734.57897040401,64.5031919020971,7800.0,22683.3333333333,24800.0,18250.0,32933.3333333333,18000.0,27550.0,96.28,29033.33,0.244637785596201,31700.0
2013-07-07,1700.73722263662,62.2533743394283,7600.0,22000.0,24800.0,18566.6666666667,32400.0,17760.0,27250.0,95.76,28650.0,0.244637785596201,31300.0
2013-07-14,1700.73722263662,61.5050256770046,7500.0,21700.0,24500.0,18650.0,32033.3333333333,17516.6666666667,26900.0,95.62,28416.67,0.244637785596201,30516.6666666667
2013-07-21,1700.73722263662,62.0704356932534,7500.0,21716.6666666667,24500.0,18416.6666666667,31633.3333333333,17416.6666666667,26700.0,95.48,28450.0,0.244637785596201,30050.0
2013-07-28,1700.73722263662,62.6379520749522,7500.0,21900.0,24000.0,18200.0,32033.3333333333,17466.6666666667,26200.0,95.34,28558.33,0.244637785596201,29916.6666666667
2013-08-04,1700.73722263662,68.0,7500.0,21700.0,23500.0,18058.3333333333,32266.6666666667,17566.6666666667,26800.0,95.4,28925.0,0.244637785596201,29683.3333333333
2013-08-11,1666.89547486924,67.67,7500.0,21600.0,23500.0,18016.6666666667,32316.6666666667,17625.0,26400.0,95.6,28810.0,0.244637785596201,29933.3333333333
2013-08-18,1666.89547486924,68.0,7500.0,21540.0,23500.0,18380.0,32420.0,17470.0,26000.0,95.8,29120.0,0.244637785596201,29620.0
2013-08-25,1666.89547486924,67.0,7500.0,21500.0,23500.0,18360.0,32560.0,17520.0,26650.0,96.0,29110.0,0.244637785596201,29540.0
2013-09-01,1666.89547486924,69.0,7850.0,22125.0,24700.0,20233.3333333333,33966.6666666667,19433.3333333333,28250.0,96.2,30700.0,0.244637785596201,32183.3333333333
2013-09-08,1700.73722263662,69.0,8025.0,22166.6666666667,25000.0,20116.6666666667,34766.6666666667,19333.3333333333,28600.0,96.4,31050.0,0.244637785596201,32258.3333333333
2013-09-15,1717.65809652032,67.33,8350.0,22450.0,25000.0,20266.6666666667,35516.6666666667,20308.3333333333,28500.0,96.6,31820.0,0.244637785596201,32900.0
2013-09-22,1717.65809652032,66.5,8450.0,22500.0,25000.0,20083.3333333333,35516.6666666667,19550.0,28300.0,96.8,31516.67,0.244637785596201,32350.0
2013-09-29,1717.65809652032,68.0,8400.0,22700.0,25000.0,19550.0,35416.6666666667,19416.6666666667,27900.0,97.0,31583.33,0.244637785596201,32075.0
2013-10-06,1717.65809652032,69.0,8400.0,22840.0,25000.0,19216.6666666667,34966.6666666667,19200.0,28200.0,97.1,31408.33,0.244637785596201,31650.0
2013-10-13,1717.65809652032,69.0,8666.67,22500.0,25000.0,19600.0,34366.6666666667,19558.3333333333,28100.0,97.0,30816.67,0.244637785596201,31800.0
2013-10-20,1785.3415920551,73.0,8575.0,22000.0,25000.0,20160.0,33680.0,19640.0,28100.0,96.9,30550.0,0.244637785596201,31720.0
2013-10-27,1785.3415920551,75.67,8625.0,22000.0,25000.0,20200.0,33366.6666666667,19241.6666666667,27300.0,96.8,30241.67,0.244637785596201,31466.6666666667
2013-11-03,1785.3415920551,78.0,8400.0,22000.0,25000.0,20030.0,32880.0,18840.0,27450.0,96.88,29860.0,0.244637785596201,30850.0
2013-11-10,1785.3415920551,78.33,8400.0,22140.0,25000.0,20160.0,33362.5,18940.0,27100.0,97.06,30660.0,0.244637785596201,30850.0
2013-11-17,1785.3415920551,77.0,8150.0,22100.0,24933.3333333333,19733.3333333333,33866.6666666667,18741.6666666667,27400.0,97.24,30758.33,0.244637785596201,30758.3333333333
2013-11-24,1785.3415920551,78.33,7925.0,22366.6666666667,24800.0,19500.0,34216.6666666667,19300.0,28100.0,97.42,31458.33,0.244637785596201,31283.3333333333
2013-12-01,1785.3415920551,78.0,7850.0,22633.3333333333,24800.0,19533.3333333333,34683.3333333333,19500.0,28400.0,97.6,31783.33,0.244637785596201,31633.3333333333
2013-12-08,1853.02508758988,78.0,8025.0,22700.0,24800.0,19166.6666666667,34666.6666666667,19308.3333333333,28150.0,97.82,31483.33,0.244637785596201,31316.6666666667
2013-12-15,1853.02508758988,78.0,8200.0,23216.6666666667,24800.0,19216.6666666667,34800.0,19191.6666666667,28200.0,98.04,31616.67,0.244637785596201,31683.3333333333
2013-12-22,1981.62372910595,79.0,8175.0,23400.0,24900.0,19216.6666666667,34741.6666666667,19000.0,28500.0,98.26,31600.0,0.244637785596201,31866.6666666667
2013-12-29,2110.22237062203,79.0,8300.0,23675.0,25000.0,20208.3333333333,35100.0,19125.0,29100.0,98.48,32283.33,0.244637785596201,32133.3333333333
2014-01-05,2110.22237062203,78.0,8300.0,23900.0,25000.0,20666.6666666667,35833.3333333333,19233.3333333333,29100.0,98.9,32640.0,0.244637785596201,32966.6666666667
2014-01-12,2110.22237062203,75.33,8250.0,24380.0,25500.0,20541.6666666667,35566.6666666667,18950.0,29250.0,99.1,32316.67,0.336452,32916.6666666667
2014-01-19,2110.22237062203,75.5,8100.0,24600.0,25566.6666666667,20666.6666666667,35650.0,19041.6666666667,29700.0,99.3,32766.67,0.336452,33241.6666666667
2014-01-26,2110.22237062203,74.75,8150.0,24633.3333333333,25775.0,21000.0,35950.0,19283.3333333333,29650.0,99.5,32850.0,0.336452,33733.3333333333
2014-02-02,2110.22237062203,72.17,8200.0,25100.0,26000.0,20550.0,35833.3333333333,19333.3333333333,30050.0,99.86,32466.67,0.346037,33750.0
2014-02-09,2110.22237062203,72.67,8200.0,25483.3333333333,26000.0,20483.3333333333,35750.0,19875.0,30300.0,100.02,32516.67,0.37,34116.6666666667
2014-02-16,2110.22237062203,69.0,8200.0,25550.0,26000.0,20300.0,35766.6666666667,20075.0,30000.0,100.18,32500.0,0.37,34200.0
2014-02-23,2110.22237062203,69.0,8200.0,25500.0,26000.0,20116.6666666667,35600.0,19991.6666666667,29900.0,100.34,32433.33,0.37,33883.3333333333
2014-03-02,2110.22237062203,67.5,8150.0,25500.0,25933.3333333333,20116.6666666667,35683.3333333333,19666.6666666667,30050.0,100.72,32425.0,0.362995,33491.6666666667
2014-03-09,2110.22237062203,64.4,8000.0,25500.0,25800.0,20266.6666666667,35633.3333333333,19608.3333333333,29600.0,100.93,32408.33,0.345484,33600.0
2014-03-16,2110.22237062203,64.17,8100.0,25500.0,25700.0,20275.0,35366.6666666667,19300.0,29600.0,101.15,32116.67,0.345484,33266.6666666667
2014-03-23,2110.22237062203,64.0,8100.0,25500.0,25433.3333333333,20470.0,35140.0,19420.0,29700.0,101.37,32000.0,0.345484,33140.0
2014-03-30,2110.22237062203,63.0,8100.0,25300.0,25300.0,20566.6666666667,35000.0,19408.3333333333,29850.0,101.58,32033.33,0.345484,33316.6666666667
2014-04-06,2026.74831557899,61.0,8016.67,25300.0,25266.6666666667,20225.0,35383.3333333333,19591.6666666667,30300.0,102.14,32475.0,0.343355,33816.6666666667
2014-04-13,1985.00790388269,62.0,7850.0,25541.6666666667,25200.0,20683.3333333333,36383.3333333333,20150.0,31100.0,102.48,33325.0,0.343,34650.0
2014-04-20,1985.00790388269,62.67,7975.0,26133.3333333333,25500.0,21300.0,36816.6666666667,20366.6666666667,31400.0,102.82,33733.33,0.343,35916.6666666667
2014-04-27,1985.00790388269,64.0,8025.0,26300.0,25500.0,20625.0,37266.6666666667,20316.6666666667,31200.0,103.16,33916.67,0.343,36133.3333333333
2014-05-04,1985.00790388269,64.0,8000.0,26333.3333333333,25500.0,20566.6666666667,37080.0,20766.6666666667,31700.0,103.82,33816.67,0.362484,36040.0
2014-05-11,1985.00790388269,64.0,7900.0,26400.0,25700.0,20508.3333333333,36700.0,20975.0,31100.0,104.14,33408.33,0.377097,36100.0
2014-05-18,1985.00790388269,65.5,7950.0,26250.0,25800.0,20525.0,36383.3333333333,20808.3333333333,31700.0,104.46,33366.67,0.377097,35791.6666666667
2014-05-25,2154.21664271964,66.0,8866.67,26266.6666666667,26950.0,22833.3333333333,36900.0,21841.6666666667,32350.0,104.78,33900.0,0.377097,36700.0
2014-06-01,2154.21664271964,66.0,9200.0,26300.0,27800.0,22391.6666666667,36783.3333333333,21825.0,32150.0,105.1,33466.67,0.371892,36683.3333333333
2014-06-08,2154.21664271964,65.0,9400.0,25983.3333333333,27650.0,21483.3333333333,36216.6666666667,21083.3333333333,31200.0,104.84,33158.33,0.340667,36266.6666666667
2014-06-15,2154.21664271964,64.2,8987.5,25500.0,27275.0,20283.3333333333,36166.6666666667,19933.3333333333,30000.0,104.58,33125.0,0.340667,35675.0
2014-06-22,2154.21664271964,64.0,8750.0,25200.0,27000.0,20316.6666666667,36033.3333333333,19941.6666666667,30800.0,104.32,32933.33,0.340667,35433.3333333333
2014-06-29,2154.21664271964,64.0,8400.0,25233.3333333333,26933.3333333333,20433.3333333333,35716.6666666667,20008.3333333333,31100.0,104.06,32891.67,0.340667,35650.0
2014-07-06,2154.21664271964,63.67,8500.0,25558.3333333333,26300.0,20566.6666666667,35766.6666666667,19816.6666666667,31000.0,103.3,32850.0,0.275118,35533.3333333333
2014-07-13,2154.21664271964,61.75,8450.0,25400.0,26300.0,20525.0,35333.3333333333,19750.0,31300.0,102.8,32116.67,0.264194,35483.3333333333
2014-07-20,2154.21664271964,62.0,8400.0,25100.0,26220.0,20675.0,34733.3333333333,19516.6666666667,31100.0,102.3,31658.33,0.264194,35300.0
2014-07-27,2154.21664271964,63.0,8550.0,24816.6666666667,26000.0,20533.3333333333,34533.3333333333,19466.6666666667,30250.0,101.8,31066.67,0.264194,34466.6666666667
2014-08-03,2154.21664271964,63.2,8400.0,24033.3333333333,25800.0,21133.3333333333,34500.0,19883.3333333333,30100.0,101.27,30933.33,0.29129,33833.3333333333
2014-08-10,2154.21664271964,62.0,8425.0,24225.0,25600.0,21133.3333333333,34150.0,20108.3333333333,29400.0,101.23,30466.67,0.327419,33433.3333333333
2014-08-17,2154.21664271964,62.0,8450.0,24360.0,25400.0,21080.0,33960.0,20400.0,29500.0,101.2,31100.0,0.327419,33340.0
2014-08-24,2154.21664271964,62.0,8500.0,24850.0,25200.0,21283.3333333333,35166.6666666667,20700.0,30000.0,101.17,32033.33,0.327419,34166.6666666667
2014-08-31,2323.42538155658,62.0,8500.0,24816.6666666667,25200.0,21000.0,35066.6666666667,20316.6666666667,29800.0,101.13,32040.0,0.327419,33883.3333333333
2014-09-07,2408.02975097506,61.0,8575.0,25016.6666666667,24800.0,21183.3333333333,35533.3333333333,19941.6666666667,29600.0,101.12,32283.33,0.331333,33933.3333333333
2014-09-14,2492.63412039353,59.67,8700.0,25420.0,24700.0,21191.6666666667,35566.6666666667,19550.0,29800.0,101.14,32316.67,0.331333,33750.0
2014-09-21,2492.63412039353,59.5,8700.0,25216.6666666667,24300.0,21566.6666666667,35033.3333333333,19550.0,29700.0,101.16,31960.0,0.331333,33683.3333333333
2014-09-28,2493.31095534888,60.0,8700.0,25383.3333333333,24300.0,21341.6666666667,35000.0,19670.0,30000.0,101.18,32100.0,0.331333,33850.0
2014-10-05,2492.63412039353,59.0,8800.0,25400.0,24300.0,21200.0,35175.0,19833.3333333333,30000.0,100.84,32050.0,0.322086,34300.0
2014-10-12,2492.63412039353,58.0,8700.0,24900.0,24100.0,21216.6666666667,34650.0,19941.6666666667,29600.0,100.48,31300.0,0.318387,34316.6666666667
2014-10-19,2492.63412039353,55.5,8700.0,24180.0,24100.0,21500.0,33866.6666666667,19408.3333333333,28700.0,100.12,30683.33,0.318387,33683.3333333333
2014-10-26,2492.63412039353,55.0,8700.0,24000.0,24100.0,21225.0,33625.0,19300.0,28800.0,99.76,30525.0,0.318387,33400.0
2014-11-02,2628.00111146309,56.0,8800.0,23833.3333333333,23900.0,21033.3333333333,33650.0,19383.3333333333,28850.0,99.13,30450.0,0.320753,33350.0
2014-11-09,2763.36810253264,55.33,8900.0,23883.3333333333,23900.0,21333.3333333333,33533.3333333333,19325.0,28400.0,98.87,30491.67,0.326667,33183.3333333333
2014-11-16,2864.89334583481,56.0,8500.0,23058.3333333333,23900.0,21133.3333333333,32983.3333333333,19033.3333333333,28000.0,98.6,29650.0,0.326667,32566.6666666667
2014-11-23,2966.41858913698,56.0,8500.0,22430.0,23900.0,21033.3333333333,32916.6666666667,18716.6666666667,27550.0,98.33,30010.0,0.326667,31933.3333333333
2014-11-30,2966.41858913698,56.0,8800.0,22275.0,23100.0,21500.0,33283.3333333333,18566.6666666667,27700.0,98.07,29950.0,0.326667,32050.0
2014-12-07,2966.41858913698,56.0,8150.0,22160.0,22900.0,21050.0,33033.3333333333,18325.0,27500.0,97.74,29916.67,0.363548,31733.3333333333
2014-12-14,2966.41858913698,56.0,8100.0,22120.0,22800.0,20816.6666666667,33450.0,18600.0,28200.0,97.68,30383.33,0.363548,32000.0
2014-12-21,2780.28897641634,56.0,7600.0,22300.0,22250.0,20775.0,33883.3333333333,18600.0,27700.0,97.62,31116.67,0.363548,32316.6666666667
2014-12-28,2780.28897641634,56.0,7600.0,22280.0,22100.0,20208.3333333333,34100.0,18200.0,27750.0,97.56,30916.67,0.363548,31633.3333333333
2015-01-04,2678.76373311417,55.5,7300.0,22250.0,21800.0,19000.0,34200.0,18100.0,27800.0,97.04,30980.0,0.482258,31550.0
2015-01-11,2611.08023757939,54.0,7250.0,22250.0,21800.0,19041.6666666667,33933.3333333333,18116.6666666667,27700.0,96.58,30825.0,0.57129,31483.3333333333
2015-01-18,2475.71324650984,56.0,7450.0,22025.0,21500.0,19200.0,33633.3333333333,18158.3333333333,27700.0,96.12,30316.67,0.57129,31466.6666666667
2015-01-25,2475.71324650984,56.0,7400.0,21783.3333333333,21300.0,19066.6666666667,33066.6666666667,18066.6666666667,27400.0,95.66,29800.0,0.57129,31216.6666666667
2015-02-01,2560.31761592831,56.0,7020.0,21700.0,21300.0,19000.0,32920.0,17887.5,26750.0,95.2,29620.0,0.542892,31000.0
2015-02-08,2560.31761592831,55.0,6750.0,21550.0,21200.0,18575.0,32416.6666666667,17375.0,25600.0,94.72,29150.0,0.3725,30500.0
2015-02-15,2560.31761592831,56.0,6500.0,21058.3333333333,21200.0,17766.6666666667,32033.3333333333,16933.3333333333,25700.0,94.25,28925.0,0.3725,29600.0
2015-02-22,2560.31761592831,56.0,6500.0,21600.0,21350.0,17733.3333333333,32733.3333333333,17016.6666666667,27000.0,93.78,29966.67,0.3725,30000.0
2015-03-01,2560.31761592831,55.0,6550.0,22058.3333333333,21500.0,18933.3333333333,33200.0,17391.6666666667,27400.0,93.3,30225.0,0.369608,31266.6666666667
2015-03-08,2560.31761592831,55.0,6500.0,21812.5,21500.0,18700.0,32800.0,17087.5,26900.0,93.14,29475.0,0.352258,31075.0
2015-03-15,2560.31761592831,54.0,6350.0,21416.6666666667,21060.0,18625.0,31883.3333333333,16716.6666666667,26000.0,92.98,28450.0,0.352258,30583.3333333333
2015-03-22,2560.31761592831,54.0,6275.0,21170.0,21060.0,17966.6666666667,31366.6666666667,16483.3333333333,26200.0,92.82,28416.67,0.352258,29800.0
2015-03-29,1900.40353446422,53.0,6200.0,21191.6666666667,20250.0,17800.0,31483.3333333333,16475.0,26000.0,92.66,28450.0,0.352258,30200.0
2015-04-05,1900.40353446422,52.0,6150.0,21483.3333333333,20000.0,17841.6666666667,31883.3333333333,16283.3333333333,27000.0,91.98,29116.67,0.338978,30133.3333333333
2015-04-12,1900.40353446422,52.0,6150.0,21600.0,20000.0,18366.6666666667,32550.0,16475.0,26800.0,91.46,29391.67,0.333667,30916.6666666667
2015-04-19,1900.40353446422,52.0,6150.0,21183.3333333333,20300.0,18241.6666666667,31850.0,16108.3333333333,26250.0,90.94,28708.33,0.333667,30533.3333333333
2015-04-26,1900.40353446422,52.0,6100.0,21070.0,20433.3333333333,17941.6666666667,31600.0,15883.3333333333,25700.0,90.42,28633.33,0.333667,30000.0
2015-05-03,1900.40353446422,52.0,6000.0,20800.0,20125.0,17375.0,31566.6666666667,15700.0,25550.0,89.67,28516.67,0.365828,29466.6666666667
2015-05-10,1866.56178669683,53.0,5950.0,20520.0,19800.0,17608.3333333333,31133.3333333333,15583.3333333333,25600.0,89.43,27983.33,0.40871,29483.3333333333
2015-05-17,1781.95741727836,53.0,6000.0,20450.0,19650.0,17925.0,30933.3333333333,15491.6666666667,24900.0,89.2,27700.0,0.40871,29383.3333333333
2015-05-24,1781.95741727836,53.0,5950.0,20450.0,19233.3333333333,17083.3333333333,30433.3333333333,14991.6666666667,24450.0,88.97,27300.0,0.40871,28850.0
2015-05-31,1781.95741727836,53.0,5950.0,20550.0,19050.0,16566.6666666667,30550.0,14891.6666666667,24900.0,88.73,27550.0,0.40871,29266.6666666667
2015-06-07,1781.95741727836,52.0,5900.0,20533.3333333333,19000.0,16250.0,30183.3333333333,14800.0,24700.0,87.98,27233.33,0.387333,29866.6666666667
2015-06-14,1781.95741727836,52.0,5900.0,20500.0,19000.0,16258.3333333333,30050.0,14640.0,25100.0,87.46,27216.67,0.387333,29833.3333333333
2015-06-21,1781.95741727836,52.0,5700.0,20420.0,18900.0,15850.0,29816.6666666667,14391.6666666667,24600.0,86.94,26983.33,0.387333,29866.6666666667
2015-06-28,1781.95741727836,52.0,5700.0,20150.0,18800.0,15650.0,29083.3333333333,14258.3333333333,24700.0,86.42,26483.33,0.387333,28916.6666666667
2015-07-05,1781.95741727836,52.0,5700.0,19800.0,18800.0,15408.3333333333,29083.3333333333,14275.0,24550.0,85.22,26200.0,0.339699,28783.3333333333
2015-07-12,1781.95741727836,52.0,5700.0,18933.3333333333,18800.0,15833.3333333333,28600.0,13960.0,23850.0,84.54,25166.67,0.320645,28150.0
2015-07-19,1781.95741727836,51.0,5500.0,18500.0,18800.0,15400.0,28083.3333333333,13600.0,22850.0,83.86,24575.0,0.320645,27250.0
2015-07-26,1781.95741727836,50.5,5400.0,17640.0,18600.0,15066.6666666667,27600.0,13540.0,22300.0,83.18,24116.67,0.320645,26583.3333333333
2015-08-02,1781.95741727836,50.0,5200.0,17000.0,18500.0,14575.0,26816.6666666667,13233.3333333333,21900.0,82.5,23600.0,0.323871,25833.3333333333
2015-08-09,1781.95741727836,48.0,5150.0,17080.0,18500.0,14300.0,27050.0,13441.6666666667,22400.0,82.5,24366.67,0.331935,25800.0
2015-08-16,1748.11566951097,48.0,5100.0,17190.0,18300.0,14270.0,27360.0,13340.0,21800.0,82.5,24320.0,0.331935,25860.0
2015-08-23,1714.27392174358,47.0,5100.0,17966.6666666667,18300.0,14780.0,28033.3333333333,13550.0,22900.0,82.5,25125.0,0.331935,25833.3333333333
2015-08-30,1638.12998926695,45.5,5250.0,18950.0,18500.0,15890.0,28980.0,14425.0,23250.0,82.5,25800.0,0.331935,26980.0
2015-09-06,1426.61906572077,45.0,5300.0,18716.6666666667,18500.0,15866.6666666667,29000.0,14383.3333333333,22950.0,82.02,25516.67,0.337419,27383.3333333333
2015-09-13,1409.69819183708,44.0,5300.0,18433.3333333333,18566.6666666667,15150.0,28566.6666666667,14216.6666666667,23300.0,81.54,24916.67,0.338333,26616.6666666667
2015-09-20,1370.21502471686,41.0,5150.0,18000.0,19200.0,15420.0,28500.0,14660.0,23200.0,81.06,24990.0,0.338333,27540.0
2015-09-27,1358.93557018599,40.0,5100.0,18000.0,19600.0,14816.6666666667,28000.0,13910.0,22800.0,80.58,24316.67,0.338333,26650.0
2015-10-04,1494.30256125555,40.0,5000.0,17666.6666666667,19600.0,13758.3333333333,27083.3333333333,13450.0,22350.0,79.62,23650.0,0.345,26000.0
2015-10-11,1494.30256125555,40.0,4850.0,17066.6666666667,19050.0,13550.0,26683.3333333333,12983.3333333333,21600.0,79.14,23216.67,0.35,25425.0
2015-10-18,1494.30256125555,39.5,4750.0,16825.0,18500.0,13933.3333333333,26350.0,12808.3333333333,21600.0,78.66,23116.67,0.35,25275.0
2015-10-25,1494.30256125555,39.0,4700.0,16540.0,18500.0,13800.0,26240.0,12370.0,20350.0,78.18,22980.0,0.35,24890.0
2015-11-01,1494.30256125555,39.0,4500.0,15733.3333333333,18137.5,13058.3333333333,25675.0,11975.0,20000.0,77.7,22216.67,0.337667,23841.6666666667
2015-11-08,1494.30256125555,41.0,4500.0,15380.0,17650.0,12641.6666666667,24916.6666666667,11933.3333333333,19950.0,77.74,21700.0,0.263667,23566.6666666667
2015-11-15,1494.30256125555,42.0,4500.0,15300.0,17600.0,12537.5,25150.0,12037.5,19700.0,77.78,21700.0,0.263667,23650.0
2015-11-22,1392.77731795338,44.0,4500.0,15460.0,17100.0,12158.3333333333,25083.3333333333,11766.6666666667,19400.0,77.82,21825.0,0.263667,23158.3333333333
2015-11-29,1392.77731795338,44.0,4400.0,15620.0,16800.0,11666.6666666667,24750.0,11441.6666666667,19200.0,77.86,21841.67,0.263667,22883.3333333333
2015-12-06,1392.77731795338,43.5,4350.0,15520.0,16300.0,11525.0,24633.3333333333,11066.6666666667,19150.0,78.02,21700.0,0.285409,22700.0
2015-12-13,1392.77731795338,42.5,4200.0,15483.3333333333,16200.0,12166.6666666667,25291.6666666667,11441.6666666667,20200.0,78.14,22308.33,0.289032,23425.0
2015-12-20,1392.77731795338,41.0,4150.0,15550.0,16166.6666666667,12325.0,25600.0,11650.0,20900.0,78.26,22416.67,0.289032,24133.3333333333
2015-12-27,1392.77731795338,41.0,4300.0,15500.0,16400.0,12750.0,26280.0,12400.0,21350.0,78.38,23530.0,0.289032,25560.0
2016-01-03,1392.77731795338,41.0,4250.0,16000.0,17000.0,13450.0,28200.0,13100.0,22350.0,78.4,24170.0,0.296774,27500.0
2016-01-10,1392.77731795338,41.0,4350.0,15800.0,17600.0,12883.3333333333,27516.6666666667,12716.6666666667,20500.0,78.3,23433.33,0.307097,26800.0
2016-01-17,1392.77731795338,41.0,4350.0,15350.0,17600.0,12333.3333333333,26741.6666666667,12141.6666666667,20800.0,78.2,22875.0,0.307097,25500.0
2016-01-24,1392.77731795338,41.0,4150.0,15341.6666666667,17600.0,12066.6666666667,26316.6666666667,11700.0,20200.0,78.1,22825.0,0.307097,24666.6666666667
2016-01-31,1392.77731795338,42.0,4150.0,15125.0,17925.0,11280.0,25870.0,10910.0,19000.0,78.0,22070.0,0.307097,23460.0
2016-02-07,1392.77731795338,42.0,4000.0,14950.0,18037.5,12358.3333333333,26000.0,11725.0,21350.0,78.2,22866.67,0.301724,24183.3333333333
2016-02-14,1316.63338547676,42.0,4350.0,15516.6666666667,19050.0,13575.0,27608.3333333333,12966.6666666667,21050.0,78.5,24050.0,0.301724,26000.0
2016-02-21,1291.25207465122,42.0,4200.0,15733.3333333333,18866.6666666667,12741.6666666667,27358.3333333333,12150.0,21950.0,78.8,24016.67,0.301724,25166.6666666667
2016-02-28,1291.25207465122,42.0,4200.0,15766.6666666667,18600.0,12716.6666666667,27816.6666666667,12150.0,22150.0,79.1,24366.67,0.301724,25308.3333333333
2016-03-06,1291.25207465122,42.0,4300.0,15880.0,19100.0,12916.6666666667,27350.0,12275.0,22200.0,79.8,24266.67,0.22891,25525.0
2016-03-13,1291.25207465122,43.33,4250.0,16200.0,19725.0,12666.6666666667,27791.6666666667,12075.0,22800.0,80.2,24941.67,0.216774,25591.6666666667
2016-03-20,1291.25207465122,44.0,4300.0,16083.3333333333,19725.0,12066.6666666667,27650.0,11850.0,21900.0,80.6,24216.67,0.216774,25575.0
2016-03-27,1291.25207465122,44.0,4300.0,15975.0,20250.0,12162.5,26875.0,11687.5,22350.0,81.0,24100.0,0.216774,25087.5
2016-04-03,1291.25207465122,43.5,4150.0,16300.0,20250.0,12400.0,27550.0,12150.0,22800.0,81.06,24700.0,0.252871,25900.0
2016-04-10,1291.25207465122,43.0,4450.0,16500.0,20583.3333333333,12141.6666666667,27708.3333333333,12050.0,22100.0,80.72,24608.33,0.301,26050.0
2016-04-17,1291.25207465122,43.0,4450.0,16566.6666666667,20366.6666666667,12100.0,27583.3333333333,11625.0,22200.0,80.38,24341.67,0.301,25700.0
2016-04-24,1291.25207465122,44.0,4300.0,16920.0,20287.5,11916.6666666667,27600.0,11083.3333333333,21900.0,80.04,24283.33,0.301,25441.6666666667
2016-05-01,1291.25207465122,44.0,4150.0,16700.0,20950.0,12066.6666666667,27500.0,11175.0,21700.0,79.7,24383.33,0.306065,25390.0
2016-05-08,1291.25207465122,44.0,4150.0,16333.3333333333,21100.0,11458.3333333333,26916.6666666667,10983.3333333333,21700.0,79.38,23700.0,0.336452,25058.3333333333
2016-05-15,1291.25207465122,44.0,4150.0,16200.0,21100.0,11200.0,26783.3333333333,10900.0,20850.0,79.06,23233.33,0.336452,24866.6666666667
2016-05-22,1291.25207465122,45.0,4050.0,16183.3333333333,20825.0,11258.3333333333,26516.6666666667,10825.0,20950.0,78.74,23133.33,0.336452,24408.3333333333
2016-05-29,1291.25207465122,45.0,4050.0,16300.0,20650.0,11208.3333333333,26558.3333333333,10808.3333333333,20800.0,78.42,22983.33,0.336452,24225.0
2016-06-05,1291.25207465122,45.5,4050.0,16200.0,20550.0,11300.0,26458.3333333333,10941.6666666667,20600.0,77.78,23016.67,0.332796,24150.0
2016-06-12,1291.25207465122,48.0,3900.0,16180.0,19483.3333333333,11483.3333333333,25966.6666666667,10916.6666666667,20500.0,77.46,22750.0,0.331333,24075.0
2016-06-19,1291.25207465122,47.0,3900.0,15966.6666666667,19083.3333333333,11366.6666666667,25420.0,10833.3333333333,20600.0,77.14,22516.67,0.331333,23930.0
2016-06-26,1223.56857911644,48.0,3900.0,16000.0,18950.0,11475.0,25658.3333333333,10891.6666666667,20500.0,76.82,22650.0,0.331333,24183.3333333333
2016-07-03,1291.25207465122,48.0,3900.0,16016.6666666667,18566.6666666667,11266.6666666667,25266.6666666667,10816.6666666667,19950.0,76.25,22100.0,0.309333,23841.6666666667
2016-07-10,1223.56857911644,49.0,3850.0,15733.3333333333,17833.3333333333,11266.6666666667,24616.6666666667,10830.0,19700.0,76.0,21450.0,0.28,23166.6666666667
2016-07-17,1223.56857911644,49.5,3850.0,15675.0,17800.0,11366.6666666667,24441.6666666667,10958.3333333333,19000.0,75.75,21316.67,0.28,22741.6666666667
2016-07-24,1223.56857911644,50.0,3900.0,15666.6666666667,17750.0,11725.0,24416.6666666667,11316.6666666667,19100.0,75.5,21633.33,0.28,22408.3333333333
2016-07-31,1223.56857911644,52.0,3850.0,15558.3333333333,17300.0,11833.3333333333,24350.0,11350.0,19350.0,75.25,21166.67,0.28,22325.0
2016-08-07,1223.56857911644,52.0,3900.0,15333.3333333333,17100.0,12241.6666666667,24316.6666666667,11291.6666666667,19500.0,75.42,21366.67,0.307097,22675.0
2016-08-14,1223.56857911644,52.0,3925.0,15233.3333333333,17100.0,12175.0,24033.3333333333,11208.3333333333,19050.0,75.84,21016.67,0.307097,22383.3333333333
2016-08-21,1223.56857911644,54.0,4000.0,15125.0,17200.0,12612.5,24200.0,11300.0,19250.0,76.26,21550.0,0.307097,22325.0
2016-08-28,1223.56857911644,54.0,4100.0,15183.3333333333,17300.0,12491.6666666667,24566.6666666667,11208.3333333333,19150.0,76.68,21650.0,0.307097,22125.0
2016-09-04,1223.56857911644,55.0,4200.0,15391.6666666667,18250.0,12966.6666666667,25175.0,11941.6666666667,20100.0,77.34,22450.0,0.315613,22816.6666666667
2016-09-11,1223.56857911644,55.0,4300.0,15408.3333333333,18933.3333333333,12958.3333333333,25325.0,12125.0,20000.0,77.58,22300.0,0.322,22966.6666666667
2016-09-18,1223.56857911644,55.0,4550.0,15933.3333333333,20060.0,13541.6666666667,25891.6666666667,13241.6666666667,21100.0,77.82,23258.33,0.322,23666.6666666667
2016-09-25,1240.48945300013,55.0,4600.0,16300.0,22000.0,13341.6666666667,25900.0,13566.6666666667,21950.0,78.06,23333.33,0.322,24066.6666666667
2016-10-02,1257.41032688383,56.5,4950.0,16691.6666666667,22500.0,13616.6666666667,27216.6666666667,14166.6666666667,21850.0,78.77,23950.0,0.319032,25100.0
2016-10-09,1257.41032688383,60.0,4950.0,16825.0,22500.0,13925.0,26916.6666666667,14325.0,21850.0,79.23,23791.67,0.311613,25116.6666666667
2016-10-16,1257.41032688383,65.0,4950.0,16560.0,22500.0,14060.0,26580.0,13900.0,21000.0,79.7,23400.0,0.311613,24760.0
2016-10-23,1257.41032688383,68.5,4850.0,16200.0,21650.0,13883.3333333333,25783.3333333333,13075.0,20350.0,80.17,22650.0,0.311613,23550.0
2016-10-30,1257.41032688383,76.0,4700.0,16200.0,21500.0,13941.6666666667,25660.0,12733.3333333333,20350.0,80.63,22658.33,0.311613,23200.0
2016-11-06,1257.41032688383,79.0,4700.0,16520.0,21300.0,14330.0,26070.0,13440.0,21700.0,81.18,23280.0,0.304516,24030.0
2016-11-13,1257.41032688383,85.0,4700.0,16491.6666666667,21400.0,13975.0,26900.0,13583.3333333333,22000.0,81.26,23870.0,0.303333,24783.3333333333
2016-11-20,1257.41032688383,76.67,4700.0,16500.0,21400.0,13283.3333333333,27516.6666666667,13091.6666666667,20500.0,81.34,23600.0,0.303333,25533.3333333333
2016-11-27,1257.41032688383,75.0,4600.0,16541.6666666667,21300.0,13116.6666666667,26700.0,12650.0,21500.0,81.42,23408.33,0.303333,24500.0
2016-12-04,1257.41032688383,75.0,4600.0,16750.0,21133.3333333333,13916.6666666667,27150.0,13158.3333333333,21500.0,81.68,23991.67,0.308065,25400.0
2016-12-11,1257.41032688383,73.0,4500.0,17208.3333333333,21500.0,14333.3333333333,27200.0,12991.6666666667,21600.0,81.86,23883.33,0.311613,25050.0
2016-12-18,1257.41032688383,72.0,4350.0,17050.0,21600.0,14133.3333333333,27450.0,13008.3333333333,21900.0,82.04,24641.67,0.311613,25025.0
2016-12-25,1257.41032688383,73.0,4550.0,17258.3333333333,22333.3333333333,14825.0,29433.3333333333,14491.6666666667,24150.0,82.22,26600.0,0.311613,26425.0
2017-01-01,1257.41032688383,72.0,4750.0,17800.0,22800.0,15100.0,30100.0,14490.0,23650.0,82.4,26420.0,0.312581,26800.0
2017-01-08,1299.71251159306,69.0,4750.0,18033.3333333333,23166.6666666667,15366.6666666667,31020.0,15041.6666666667,23800.0,82.38,27083.33,0.318387,27920.0
2017-01-15,1350.47513324415,69.5,4750.0,18050.0,23950.0,14825.0,30633.3333333333,14600.0,23800.0,82.36,26700.0,0.318387,27433.3333333333
2017-01-22,1350.47513324415,75.0,4750.0,18225.0,24100.0,14783.3333333333,30516.6666666667,15008.3333333333,24050.0,82.34,27041.67,0.318387,27600.0
2017-01-29,1350.47513324415,77.0,4700.0,18380.0,24100.0,14460.0,30360.0,14720.0,23300.0,82.32,26480.0,0.318387,27420.0
2017-02-05,1350.47513324415,75.0,4700.0,18533.3333333333,24066.6666666667,14041.6666666667,29683.3333333333,14266.6666666667,23300.0,82.8,25741.67,0.344539,26883.3333333333
2017-02-12,1350.47513324415,71.0,4700.0,18733.3333333333,23266.6666666667,14200.0,29283.3333333333,14250.0,23050.0,83.3,25508.33,0.355,26900.0
2017-02-19,1350.47513324415,70.25,4800.0,19083.3333333333,23000.0,15116.6666666667,29625.0,15016.6666666667,24300.0,83.8,26208.33,0.355,27466.6666666667
2017-02-26,1350.47513324415,71.12,5000.0,19791.6666666667,23066.6666666667,16208.3333333333,30366.6666666667,16100.0,25200.0,84.3,26791.67,0.355,28416.6666666667
2017-03-05,1350.47513324415,71.53,5000.0,20416.6666666667,23266.6666666667,16308.3333333333,31000.0,16291.6666666667,24600.0,85.06,27208.33,0.332074,29183.3333333333
2017-03-12,1350.47513324415,69.5,4900.0,20625.0,23450.0,16625.0,31325.0,16558.3333333333,25450.0,85.32,27783.33,0.322903,29583.3333333333
2017-03-19,1452.00037654631,64.5,5200.0,21475.0,23600.0,17325.0,31900.0,17425.0,25800.0,85.58,28300.0,0.322903,30775.0
2017-03-26,1452.00037654631,61.8,5400.0,21200.0,23737.5,17191.6666666667,31875.0,17550.0,26350.0,85.84,28366.67,0.322903,31500.0
2017-04-02,1452.00037654631,62.75,5300.0,21641.6666666667,23800.0,17266.6666666667,32083.3333333333,17475.0,27350.0,86.08,28641.67,0.317312,32200.0
2017-04-09,1452.00037654631,69.0,5200.0,22050.0,23850.0,17541.6666666667,32816.6666666667,17141.6666666667,27500.0,86.07,29758.33,0.303333,32916.6666666667
2017-04-16,1452.00037654631,69.67,5200.0,22725.0,24875.0,18058.3333333333,33766.6666666667,17233.3333333333,26650.0,86.05,30166.67,0.303333,32916.6666666667
2017-04-23,1452.00037654631,69.0,5050.0,21383.3333333333,25025.0,17075.0,32666.6666666667,16158.3333333333,25400.0,86.03,28783.33,0.303333,31366.6666666667
2017-04-30,1452.00037654631,65.25,4950.0,21358.3333333333,25100.0,16716.6666666667,32250.0,16108.3333333333,25750.0,86.02,28500.0,0.303333,30450.0
2017-05-07,1452.00037654631,64.0,4750.0,21100.0,24900.0,15991.6666666667,31633.3333333333,15400.0,24100.0,85.72,27283.33,0.329677,29466.6666666667
2017-05-14,1384.31688101154,61.5,4750.0,21283.3333333333,24475.0,15633.3333333333,31383.3333333333,15108.3333333333,24200.0,85.44,27041.67,0.329677,28733.3333333333
2017-05-21,1367.39600712784,63.0,4650.0,21133.3333333333,23700.0,15066.6666666667,30833.3333333333,14300.0,23750.0,85.16,26350.0,0.329677,28383.3333333333
2017-05-28,1367.39600712784,64.6,4650.0,21133.3333333333,22650.0,15308.3333333333,30966.6666666667,14566.6666666667,24300.0,84.88,26808.33,0.329677,29250.0
2017-06-04,1367.39600712784,65.67,4600.0,21150.0,22600.0,15508.3333333333,30633.3333333333,14425.0,24650.0,84.94,26816.67,0.32929,29500.0
2017-06-11,1342.0146963023,68.67,4750.0,21208.3333333333,22200.0,15566.6666666667,30400.0,14233.3333333333,24050.0,85.28,26683.33,0.329,29525.0
2017-06-18,1342.0146963023,69.0,4750.0,20716.6666666667,22000.0,15591.6666666667,29983.3333333333,14100.0,24350.0,85.62,26275.0,0.329,29258.3333333333
2017-06-25,1291.25207465122,68.0,4700.0,20133.3333333333,21666.6666666667,15791.6666666667,30233.3333333333,14675.0,24550.0,85.96,26750.0,0.329,30000.0
2017-07-02,1257.41032688383,66.5,4800.0,20080.0,21400.0,15558.3333333333,30500.0,14891.6666666667,25850.0,86.32,27208.33,0.314355,29858.3333333333
2017-07-09,1257.41032688383,69.0,5100.0,20000.0,21400.0,15491.6666666667,30550.0,15016.6666666667,25400.0,86.33,27116.67,0.277742,30166.6666666667
2017-07-16,1257.41032688383,72.67,5000.0,19858.3333333333,21900.0,15225.0,30550.0,15075.0,24800.0,86.35,26950.0,0.277742,29500.0
2017-07-23,1257.41032688383,75.0,5000.0,19516.6666666667,22875.0,15983.3333333333,30200.0,15316.6666666667,25450.0,86.37,26400.0,0.277742,28983.3333333333
2017-07-30,1223.56857911644,71.0,5350.0,20316.6666666667,23666.6666666667,17191.6666666667,30400.0,16008.3333333333,26150.0,86.38,26775.0,0.277742,28850.0
2017-08-06,1223.56857911644,75.75,5500.0,20533.3333333333,24275.0,17625.0,30866.6666666667,16825.0,26500.0,86.42,27491.67,0.302903,28900.0
2017-08-13,1223.56857911644,76.0,5550.0,20900.0,24450.0,18090.0,31520.0,17620.0,26300.0,86.44,28360.0,0.307097,29540.0
2017-08-20,1342.0146963023,72.0,5625.0,21280.0,24800.0,18460.0,32160.0,18020.0,26800.0,86.46,28820.0,0.307097,29580.0
2017-08-27,1409.69819183708,72.0,5800.0,21291.6666666667,25000.0,18041.6666666667,32060.0,17633.3333333333,26500.0,86.48,28050.0,0.307097,29750.0
2017-09-03,1426.61906572077,73.0,5800.0,21330.0,25100.0,18191.6666666667,31533.3333333333,17450.0,26550.0,86.3,28250.0,0.310484,29750.0
2017-09-10,1426.61906572077,72.25,6000.0,21566.6666666667,25700.0,18325.0,31166.6666666667,17591.6666666667,26700.0,86.1,28033.33,0.315,30033.3333333333
2017-09-17,1426.61906572077,76.75,6000.0,21360.0,25800.0,17566.6666666667,30966.6666666667,16900.0,26700.0,85.9,27366.67,0.315,29716.6666666667
2017-09-24,1426.61906572077,76.5,6000.0,20950.0,25800.0,17700.0,30666.6666666667,16300.0,26050.0,85.7,27300.0,0.315,29883.3333333333
2017-10-01,1426.61906572077,74.5,5750.0,20420.0,25800.0,17500.0,30260.0,15480.0,25850.0,85.5,26520.0,0.316774,29210.0
2017-10-08,1426.61906572077,73.5,5600.0,19920.0,25420.0,17250.0,29460.0,15060.0,25600.0,86.88,26080.0,0.327419,29100.0
2017-10-15,1426.61906572077,74.0,5350.0,19900.0,24700.0,16975.0,29283.3333333333,14916.6666666667,25000.0,88.26,26216.67,0.327419,28750.0
2017-10-22,1426.61906572077,75.5,5200.0,20200.0,24500.0,17175.0,29775.0,15450.0,25650.0,89.64,26487.5,0.327419,28750.0
2017-10-29,1426.61906572077,75.0,5200.0,20541.6666666667,24500.0,17200.0,30050.0,15958.3333333333,26150.0,91.02,26900.0,0.327419,28983.3333333333
2017-11-05,1426.61906572077,77.75,5350.0,20900.0,24540.0,18075.0,30850.0,16641.6666666667,26500.0,93.38,27550.0,0.320215,29716.6666666667
2017-11-12,1426.61906572077,77.75,5350.0,20675.0,25000.0,18025.0,30266.6666666667,16375.0,26100.0,94.36,27050.0,0.317333,29550.0
2017-11-19,1426.61906572077,76.33,5350.0,21041.6666666667,25000.0,18000.0,30933.3333333333,17075.0,26850.0,95.34,27991.67,0.317333,29750.0
2017-11-26,1426.61906572077,75.75,5500.0,21216.6666666667,25000.0,18008.3333333333,31666.6666666667,17483.3333333333,27000.0,96.32,28483.33,0.317333,29933.3333333333
2017-12-03,1494.30256125555,78.33,5900.0,22033.3333333333,25100.0,18875.0,32750.0,18483.3333333333,28000.0,98.18,29983.33,0.314882,30783.3333333333
2017-12-10,1494.30256125555,79.67,5950.0,22133.3333333333,25000.0,19366.6666666667,33616.6666666667,18450.0,27750.0,99.07,30216.67,0.311613,31250.0
2017-12-17,1539.42376355381,80.2,6225.0,22366.6666666667,25450.0,19650.0,34333.3333333333,19241.6666666667,28900.0,99.95,31483.33,0.311613,31983.3333333333
2017-12-24,1561.98605679033,80.0,6600.0,22833.3333333333,26400.0,20316.6666666667,35650.0,19933.3333333333,31000.0,100.83,32700.0,0.311613,33283.3333333333
2017-12-31,1629.66955232511,79.5,7150.0,23316.6666666667,27500.0,21350.0,37333.3333333333,20566.6666666667,31000.0,101.72,33733.33,0.311613,35583.3333333333
2018-01-07,1731.19479562727,80.33,7300.0,23433.3333333333,28416.6666666667,22150.0,38333.3333333333,21358.3333333333,32200.0,102.94,35100.0,0.320645,36550.0
2018-01-14,1731.19479562727,81.75,7500.0,23583.3333333333,28500.0,21950.0,38916.6666666667,20650.0,32400.0,103.28,34566.67,0.320645,36133.3333333333
2018-01-21,1731.19479562727,82.0,7200.0,23783.3333333333,28566.6666666667,22183.3333333333,39250.0,20841.6666666667,31550.0,103.62,34800.0,0.320645,36733.3333333333
2018-01-28,1731.19479562727,82.0,7200.0,23960.0,28500.0,21620.0,39060.0,20180.0,31800.0,103.96,34460.0,0.320645,36020.0
2018-02-04,1731.19479562727,80.75,7200.0,24750.0,28500.0,21583.3333333333,38950.0,20033.3333333333,31450.0,104.0,34333.33,0.350276,36116.6666666667
2018-02-11,1731.53321310495,78.33,7050.0,24550.0,28266.6666666667,21033.3333333333,38666.6666666667,19500.0,31650.0,103.7,33933.33,0.3725,35600.0
2018-02-18,1731.19479562727,76.67,6950.0,24783.3333333333,28366.6666666667,21700.0,39150.0,20025.0,32200.0,103.4,34916.67,0.3725,36383.3333333333
2018-02-25,2049.30722464073,81.0,6800.0,25466.6666666667,29566.6666666667,22033.3333333333,39333.3333333333,20091.6666666667,32250.0,103.1,34916.67,0.3725,36566.6666666667
2018-03-04,2052.69139941747,81.5,6750.0,25650.0,30250.0,22150.0,38700.0,19912.5,32100.0,103.52,34600.0,0.354482,36175.0
2018-03-11,2052.69139941747,80.0,6650.0,25583.3333333333,31066.6666666667,22383.3333333333,39050.0,20175.0,32100.0,104.24,35066.67,0.340968,36833.3333333333
2018-03-18,2052.69139941747,78.5,6500.0,25400.0,30733.3333333333,21266.6666666667,38233.3333333333,19858.3333333333,32200.0,104.96,34700.0,0.340968,36550.0
2018-03-25,2052.69139941747,77.0,6500.0,25050.0,29766.6666666667,20900.0,38050.0,19783.3333333333,32000.0,105.68,34250.0,0.340968,36983.3333333333
2018-04-01,2035.77052553378,75.0,6350.0,25016.6666666667,29400.0,19983.3333333333,37950.0,19525.0,32500.0,106.4,34516.67,0.338591,36850.0
2018-04-08,2018.84965165008,77.5,6200.0,25533.3333333333,29375.0,19816.6666666667,38816.6666666667,19741.6666666667,33200.0,106.98,35216.67,0.324333,37000.0
2018-04-15,2018.84965165008,79.0,6175.0,25983.3333333333,30633.3333333333,20750.0,39683.3333333333,20308.3333333333,34900.0,107.56,35950.0,0.324333,38233.3333333333
2018-04-22,1993.46834082454,80.0,6150.0,26133.3333333333,31233.3333333333,21416.6666666667,39966.6666666667,19941.6666666667,33800.0,108.14,36050.0,0.324333,39233.3333333333
2018-04-29,1993.46834082454,81.33,6125.0,26033.3333333333,31500.0,22000.0,39833.3333333333,19866.6666666667,35000.0,108.72,36350.0,0.324333,39183.3333333333
2018-05-06,1968.087029999,85.0,6050.0,26766.6666666667,32066.6666666667,22950.0,40716.6666666667,20216.6666666667,34600.0,109.52,36983.33,0.33472,39683.3333333333
2018-05-13,1968.087029999,86.0,5950.0,26991.6666666667,31000.0,21966.6666666667,40633.3333333333,19691.6666666667,34050.0,109.74,36700.0,0.336452,39216.6666666667
2018-05-20,1968.087029999,90.0,5900.0,27600.0,30800.0,21516.6666666667,40616.6666666667,19716.6666666667,34800.0,109.96,36550.0,0.336452,39466.6666666667
2018-05-27,1968.087029999,89.5,5883.33,27516.6666666667,30800.0,21691.6666666667,40666.6666666667,19700.0,35800.0,110.18,36908.33,0.336452,40483.3333333333
2018-06-03,1968.087029999,89.33,6033.33,27500.0,30766.6666666667,22175.0,40766.6666666667,19650.0,36400.0,109.96,37341.67,0.338258,41433.3333333333
2018-06-10,2056.9216178884,90.5,6080.0,27200.0,30000.0,22816.6666666667,41166.6666666667,20133.3333333333,35400.0,109.52,37175.0,0.340667,41733.3333333333
2018-06-17,2069.61227330117,90.0,6133.33,25883.3333333333,29725.0,23216.6666666667,40033.3333333333,19875.0,36000.0,109.08,36383.33,0.340667,40900.0
2018-06-24,2069.61227330117,89.0,6300.0,25933.3333333333,29800.0,23050.0,40066.6666666667,19683.3333333333,34300.0,108.64,36333.33,0.340667,40683.3333333333
2018-07-01,2069.61227330117,87.0,6300.0,25291.6666666667,29633.3333333333,22116.6666666667,38783.3333333333,19533.3333333333,34000.0,108.2,34775.0,0.335871,39566.6666666667
2018-07-08,2272.6627599055,90.0,6550.0,24900.0,29266.6666666667,21983.3333333333,38183.3333333333,19916.6666666667,32900.0,107.9,33591.67,0.307097,38733.3333333333
2018-07-15,2272.6627599055,91.25,6500.0,24400.0,29100.0,20683.3333333333,37033.3333333333,19491.6666666667,31400.0,107.6,32158.33,0.307097,37050.0
2018-07-22,2272.6627599055,90.0,6450.0,24500.0,29000.0,20391.6666666667,36050.0,19808.3333333333,30450.0,107.3,32158.33,0.307097,35733.3333333333
2018-07-29,2348.80669238213,88.0,6450.0,24666.6666666667,29050.0,20533.3333333333,35733.3333333333,19908.3333333333,30800.0,107.0,31775.0,0.307097,34816.6666666667
2018-08-05,2374.18800320767,87.0,6500.0,25100.0,29100.0,21433.3333333333,36050.0,20400.0,31200.0,107.62,32775.0,0.324839,34583.3333333333
2018-08-12,2374.18800320767,86.0,6600.0,25360.0,29266.6666666667,22783.3333333333,37683.3333333333,21691.6666666667,31800.0,108.54,34200.0,0.331935,36183.3333333333
2018-08-19,2374.18800320767,85.0,7150.0,25080.0,29400.0,23780.0,37920.0,22460.0,33600.0,109.46,34320.0,0.331935,36600.0
2018-08-26,2374.18800320767,84.0,8175.0,25500.0,29880.0,24250.0,38400.0,23533.3333333333,34900.0,110.38,34900.0,0.331935,37916.6666666667
2018-09-02,2441.87149874245,80.0,8525.0,25841.6666666667,30660.0,24525.0,39733.3333333333,24566.6666666667,34800.0,111.15,36066.67,0.33243,39150.0
2018-09-09,2701.32264217591,78.0,9425.0,26470.0,31660.0,25100.0,40450.0,25025.0,35400.0,111.0,37200.0,0.333667,39316.6666666667
2018-09-16,2814.13072418373,79.5,9933.33,27060.0,31580.0,24858.3333333333,40983.3333333333,25016.6666666667,35400.0,110.85,37080.0,0.333667,39166.6666666667
2018-09-23,2814.13072418373,78.0,9350.0,27650.0,31540.0,23850.0,40950.0,24640.0,34500.0,110.7,36708.33,0.333667,39250.0
2018-09-30,3150.0,77.0,9016.67,27766.6666666667,31425.0,22666.6666666667,40250.0,23333.3333333333,33400.0,110.55,36158.33,0.333667,38733.3333333333
2018-10-07,3150.0,75.0,8650.0,26360.0,30950.0,21900.0,39200.0,22220.0,33100.0,110.46,34560.0,0.33871,37660.0
2018-10-14,3050.0,76.0,8300.0,25883.3333333333,30540.0,22650.0,38916.6666666667,22083.3333333333,32400.0,110.52,34500.0,0.33871,37866.6666666667
2018-10-21,3050.0,73.0,8300.0,25500.0,30400.0,23050.0,38300.0,21520.0,33600.0,110.58,34100.0,0.33871,37360.0
2018-10-28,3050.0,73.0,8283.33,25550.0,30240.0,23266.6666666667,37566.6666666667,21450.0,32900.0,110.64,33700.0,0.33871,37400.0
2018-11-04,3050.0,72.0,8000.0,25466.6666666667,30160.0,22983.3333333333,36950.0,21200.0,32800.0,110.22,33416.67,0.339828,36566.6666666667
2018-11-11,3050.0,70.0,7900.0,25633.3333333333,30300.0,23433.3333333333,37266.6666666667,21133.3333333333,33100.0,109.74,34150.0,0.340667,36400.0
2018-11-18,2900.0,68.0,7450.0,26116.6666666667,30220.0,23300.0,37766.6666666667,20941.6666666667,32450.0,109.26,34200.0,0.340667,36500.0
2018-11-25,2400.0,64.0,6900.0,26433.3333333333,30200.0,22625.0,37150.0,20808.3333333333,31550.0,108.78,33800.0,0.340667,36033.3333333333
2018-12-02,2400.0,59.0,6487.5,25633.3333333333,29850.0,21583.3333333333,36566.6666666667,20183.3333333333,30800.0,108.23,33083.33,0.345914,34966.6666666667
2018-12-09,2300.0,61.33,6566.67,26033.3333333333,29712.5,21533.3333333333,36500.0,20408.3333333333,31100.0,108.17,33416.67,0.359032,35250.0
2018-12-16,2100.0,62.0,6600.0,25950.0,29560.0,20491.6666666667,36183.3333333333,20066.6666666667,30800.0,108.1,32991.67,0.359032,35133.3333333333
2018-12-23,2000.0,64.0,6300.0,25466.6666666667,29080.0,20433.3333333333,36866.6666666667,19891.6666666667,30450.0,108.03,33600.0,0.359032,35550.0
2018-12-30,2000.0,64.0,6200.0,25380.0,28960.0,20320.0,36580.0,19540.0,30800.0,107.97,33520.0,0.359032,34920.0
2019-01-06,1900.0,64.0,6150.0,25320.0,28525.0,20740.0,36500.0,19200.0,30200.0,108.04,33100.0,0.362903,35280.0
2019-01-13,1900.0,62.0,6000.0,25083.3333333333,28266.6666666667,20091.6666666667,36266.6666666667,18558.3333333333,30600.0,108.18,33116.67,0.363548,34783.3333333333
2019-01-20,1850.0,64.0,6000.0,24983.3333333333,28050.0,20016.6666666667,36500.0,18458.3333333333,30300.0,108.32,33175.0,0.363548,34850.0
2019-01-27,1650.0,65.5,6000.0,25020.0,27800.0,20320.0,36420.0,18820.0,31100.0,108.46,33270.0,0.363548,34740.0
2019-02-03,1650.0,65.0,6100.0,25133.3333333333,27800.0,20566.6666666667,36850.0,18966.6666666667,31150.0,108.62,33700.0,0.333099,34833.3333333333
2019-02-10,2050.0,62.0,6760.0,25450.0,27480.0,21333.3333333333,37650.0,20266.6666666667,33050.0,108.64,34858.33,0.2925,35650.0
2019-02-17,2300.0,61.0,7600.0,25833.3333333333,28216.6666666667,21808.3333333333,39183.3333333333,21516.6666666667,33200.0,108.66,36175.0,0.2925,37516.6666666667
2019-02-24,2050.0,61.0,7612.5,25333.3333333333,28220.0,20266.6666666667,38900.0,20300.0,32000.0,108.68,35741.67,0.2925,36700.0
2019-03-03,2050.0,61.0,7333.33,25200.0,28216.6666666667,19900.0,38400.0,19883.3333333333,32900.0,108.57,35283.33,0.323917,36150.0
2019-03-10,2000.0,60.0,6866.67,25300.0,28116.6666666667,19683.3333333333,38333.3333333333,19341.6666666667,32000.0,108.43,34880.0,0.365806,36650.0
2019-03-17,2000.0,58.5,6500.0,25150.0,27875.0,19158.3333333333,37733.3333333333,18633.3333333333,31000.0,108.3,34050.0,0.365806,36050.0
2019-03-24,2000.0,61.0,6300.0,24875.0,27650.0,19537.5,36900.0,18525.0,31150.0,108.17,33275.0,0.365806,35575.0
2019-03-31,1850.0,58.0,6300.0,24933.3333333333,27500.0,20000.0,37016.6666666667,18575.0,30950.0,108.03,33258.33,0.365806,35850.0
2019-04-07,1850.0,53.0,6200.0,25116.6666666667,27460.0,20241.6666666667,37000.0,18516.6666666667,31300.0,107.72,33200.0,0.315,36066.6666666667
2019-04-14,1850.0,53.0,6175.0,25233.3333333333,27416.6666666667,20450.0,37050.0,18525.0,30850.0,107.54,33100.0,0.315,36250.0
2019-04-21,2000.0,55.0,6350.0,25133.3333333333,27900.0,20266.6666666667,36900.0,18625.0,30800.0,107.36,32991.67,0.315,36000.0
2019-04-28,2000.0,59.5,6350.0,24983.3333333333,28350.0,19633.3333333333,36866.6666666667,18608.3333333333,31000.0,107.18,33300.0,0.315,35716.6666666667
2019-05-05,2000.0,58.53,6300.0,25100.0,28300.0,19300.0,36900.0,18925.0,31200.0,106.76,33575.0,0.320645,35433.3333333333
2019-05-12,2000.0,59.95,6416.67,25100.0,28316.6666666667,18933.3333333333,36450.0,18658.3333333333,30600.0,106.52,33083.33,0.322903,35433.3333333333
2019-05-19,2000.0,59.22,6575.0,24916.6666666667,28325.0,18800.0,35916.6666666667,18408.3333333333,30500.0,106.28,32583.33,0.322903,34933.3333333333
2019-05-26,2200.0,56.01,7000.0,24983.3333333333,28300.0,19683.3333333333,35783.3333333333,18883.3333333333,30800.0,106.04,32700.0,0.322903,35266.6666666667
2019-06-02,2200.0,54.12,7000.0,24783.3333333333,28360.0,19666.6666666667,35116.6666666667,18591.6666666667,30700.0,105.38,32141.67,0.444645,35266.6666666667
2019-06-09,2100.0,50.35,6900.0,24783.3333333333,28300.0,19233.3333333333,34833.3333333333,18000.0,29900.0,104.97,31750.0,0.749,34933.3333333333
2019-06-16,2000.0,52.16,6800.0,24533.3333333333,27900.0,18458.3333333333,34283.3333333333,17208.3333333333,29300.0,104.55,31416.67,0.749,34150.0
2019-06-23,2000.0,51.01,6650.0,23866.6666666667,27560.0,17741.6666666667,33683.3333333333,16483.3333333333,27900.0,104.13,30366.67,0.749,33650.0
2019-06-30,2000.0,51.43,6750.0,22700.0,27100.0,17925.0,32933.3333333333,16333.3333333333,27900.0,103.72,29591.67,0.749,32700.0
2019-07-07,2000.0,51.15,6900.0,22300.0,26616.6666666667,18258.3333333333,32700.0,16400.0,27000.0,102.8,29258.33,0.36129,32483.3333333333
2019-07-14,2000.0,53.3,6800.0,21316.6666666667,25900.0,17766.6666666667,31316.6666666667,16116.6666666667,27200.0,102.3,28000.0,0.36129,31400.0
2019-07-21,2000.0,53.53,6900.0,21116.6666666667,25800.0,17550.0,31266.6666666667,16700.0,27000.0,101.8,28008.33,0.36129,30850.0
2019-07-28,2050.0,53.86,6800.0,21150.0,25350.0,17666.6666666667,31216.6666666667,16541.6666666667,26400.0,101.3,27983.33,0.36129,30366.6666666667
2019-08-04,2050.0,53.44,6800.0,21133.3333333333,25150.0,17191.6666666667,30650.0,16141.6666666667,25700.0,100.94,27491.67,0.4,29766.6666666667
2019-08-11,2050.0,51.38,6350.0,20750.0,24440.0,15908.3333333333,30050.0,15650.0,25000.0,101.08,27191.67,0.429032,28750.0
2019-08-18,2050.0,48.63,6333.33,20940.0,24060.0,16920.0,30480.0,16180.0,25400.0,101.22,27600.0,0.429032,29740.0
2019-08-25,2050.0,47.62,6200.0,21450.0,23920.0,16750.0,30500.0,15575.0,25500.0,101.36,27491.67,0.429032,29133.3333333333
2019-09-01,1900.0,48.86,6100.0,21666.6666666667,23916.6666666667,17816.6666666667,31016.6666666667,16075.0,26500.0,101.5,28141.67,0.434409,30066.6666666667
2019-09-08,1900.0,47.62,6000.0,21433.3333333333,23880.0,18125.0,30640.0,16008.3333333333,26750.0,101.26,27590.0,0.466667,30350.0
2019-09-15,1800.0,48.13,6100.0,21516.6666666667,23840.0,18566.6666666667,30650.0,16533.3333333333,27050.0,101.02,27750.0,0.466667,30966.6666666667
2019-09-22,1800.0,47.76,6066.67,21466.6666666667,24000.0,18180.0,30366.6666666667,16530.0,26800.0,100.78,27633.33,0.466667,31100.0
2019-09-29,1800.0,47.62,6000.0,21250.0,23950.0,17233.3333333333,30583.3333333333,16125.0,26200.0,100.54,27916.67,0.466667,30783.3333333333
2019-10-06,1750.0,49.96,6000.0,21140.0,23860.0,16725.0,31020.0,15870.0,25650.0,100.18,27940.0,0.374409,30520.0
2019-10-13,1750.0,50.88,5850.0,20400.0,23850.0,16675.0,30560.0,15600.0,25600.0,100.06,27440.0,0.359032,29980.0
2019-10-20,1750.0,53.44,5800.0,20650.0,23800.0,17016.6666666667,31083.3333333333,15766.6666666667,26000.0,99.94,28158.33,0.359032,30091.6666666667
2019-10-27,1750.0,55.73,5800.0,20616.6666666667,23800.0,16983.3333333333,31216.6666666667,15558.3333333333,25750.0,99.82,27941.67,0.359032,29883.3333333333
2019-11-03,1750.0,53.19,5800.0,21140.0,23820.0,17320.0,31600.0,15820.0,25950.0,99.6,28290.0,0.353161,29820.0
2019-11-10,1750.0,54.77,5800.0,21583.3333333333,24100.0,17916.6666666667,31800.0,16350.0,26100.0,99.5,28341.67,0.345333,30033.3333333333
2019-11-17,1750.0,57.0,6050.0,21816.6666666667,24141.6666666667,18225.0,31700.0,16816.6666666667,25800.0,99.4,28066.67,0.345333,30133.3333333333
2019-11-24,1950.0,58.3,6200.0,21383.3333333333,24100.0,17966.6666666667,31200.0,16483.3333333333,26000.0,99.3,27741.67,0.345333,29766.6666666667
2019-12-01,1950.0,62.1,6300.0,21050.0,24058.3333333333,18033.3333333333,31250.0,16666.6666666667,26000.0,99.2,27891.67,0.345032,29633.3333333333
2019-12-08,1950.0,66.78,6300.0,21300.0,24225.0,18091.6666666667,31666.6666666667,16583.3333333333,25850.0,99.6,28191.67,0.343226,29516.6666666667
2019-12-15,1950.0,66.78,6300.0,21366.6666666667,24291.6666666667,17758.3333333333,31700.0,16616.6666666667,26000.0,100.0,28041.67,0.343226,29366.6666666667
2019-12-22,2050.0,66.0,6600.0,21616.6666666667,24466.6666666667,18291.6666666667,32266.6666666667,17650.0,27500.0,100.4,28983.33,0.343226,30083.3333333333
2019-12-29,2250.0,61.0,7000.0,22340.0,25700.0,19490.0,33820.0,18970.0,28900.0,100.8,30960.0,0.343226,31900.0
2020-01-05,2550.0,65.91,7100.0,22875.0,28450.0,20175.0,35575.0,19800.0,30000.0,101.56,32333.33,0.373871,33525.0
2020-01-12,2550.0,72.5,7400.0,23000.0,30225.0,20483.3333333333,36116.6666666667,20283.3333333333,29800.0,101.92,32550.0,0.386129,34350.0
2020-01-19,2550.0,76.0,7400.0,23016.6666666667,30050.0,20358.3333333333,36533.3333333333,19666.6666666667,29200.0,102.28,32333.33,0.386129,33850.0
2020-01-26,2500.0,65.2,7400.0,23050.0,29716.6666666667,20466.6666666667,36233.3333333333,19366.6666666667,29500.0,102.64,31850.0,0.386129,33250.0
2020-02-02,2500.0,68.0,7400.0,22950.0,29383.3333333333,20516.6666666667,35966.6666666667,19208.3333333333,28900.0,102.96,31791.67,0.403393,33483.3333333333
2020-02-09,2350.0,66.0,7400.0,22666.6666666667,28833.3333333333,20016.6666666667,35100.0,18991.6666666667,28800.0,102.92,30916.67,0.446552,33233.3333333333
2020-02-16,2350.0,63.0,6700.0,22466.6666666667,28366.6666666667,19541.6666666667,34466.6666666667,18616.6666666667,28800.0,102.88,30316.67,0.446552,32866.6666666667
2020-02-23,2350.0,63.0,6700.0,23183.3333333333,28200.0,19558.3333333333,35066.6666666667,18658.3333333333,28750.0,102.84,31033.33,0.446552,33150.0
2020-03-01,2350.0,60.5,6700.0,23600.0,28100.0,19433.3333333333,35366.6666666667,18550.0,28850.0,102.8,31133.33,0.423404,33116.6666666667
2020-03-08,2250.0,58.0,6600.0,23350.0,27666.6666666667,19100.0,34933.3333333333,18258.3333333333,28300.0,102.8,30708.33,0.284516,32700.0
2020-03-15,2250.0,53.0,6500.0,23225.0,27325.0,18662.5,35175.0,18175.0,27200.0,102.8,30375.0,0.284516,32375.0
2020-03-22,2250.0,51.5,6300.0,22600.0,26620.0,17541.6666666667,33983.3333333333,16991.6666666667,26150.0,102.8,29216.67,0.284516,31233.3333333333
2020-03-29,2250.0,50.0,6300.0,22600.0,26620.0,17541.6666666667,33983.3333333333,16991.6666666667,26000.0,102.8,29233.34,0.284516,31233.3333333333
2020-04-05,2250.0,54.0,6300.0,22600.0,26620.0,17541.6666666667,33983.3333333333,16991.6666666667,26000.0,102.68,29250.01,0.09629,31233.3333333333
2020-04-12,2250.0,50.5,6300.0,22600.0,26620.0,17541.6666666667,33983.3333333333,16991.6666666667,26000.0,102.56,29266.67,0.021,31233.3333333333
2020-04-19,1900.0,46.0,6300.0,22600.0,26620.0,17541.6666666667,33983.3333333333,16991.6666666667,26000.0,102.44,29283.34,0.021,31233.3333333333
2020-04-26,1900.0,33.0,5950.0,22600.0,26620.0,17541.6666666667,33983.3333333333,16991.6666666667,26000.0,102.32,29300.0,0.021,31233.3333333333
2020-05-03,1900.0,33.0,5850.0,22600.0,26620.0,17541.6666666667,33400.0,16991.6666666667,26000.0,102.13,29316.67,0.084581,31300.0
2020-05-10,1900.0,36.0,5850.0,22600.0,23275.0,16966.6666666667,33400.0,15566.6666666667,25850.0,102.07,29333.33,0.169355,32500.0
2020-05-17,1900.0,42.75,5770.0,22600.0,22920.0,16758.3333333333,34200.0,15250.0,26650.0,102.0,29350.0,0.169355,32833.3333333333
2020-05-24,1900.0,45.0,5900.0,22600.0,23100.0,16983.3333333333,34200.0,15366.6666666667,27850.0,101.93,29366.67,0.169355,34066.6666666667
2020-05-31,1900.0,48.0,6000.0,20616.6666666667,24133.3333333333,17450.0,34166.6666666667,16241.6666666667,28500.0,101.87,29383.33,0.169355,35300.0
2020-06-07,1900.0,51.0,6000.0,21166.6666666667,24600.0,17008.3333333333,34100.0,16125.0,28700.0,101.14,29250.0,0.382667,34866.6666666667
2020-06-14,1900.0,44.5,6000.0,21066.6666666667,24600.0,17158.3333333333,34066.6666666667,15833.3333333333,27950.0,100.48,29183.33,0.382667,34383.3333333333
2020-06-21,1900.0,42.0,6000.0,20016.6666666667,24133.3333333333,16366.6666666667,32950.0,14916.6666666667,26550.0,99.82,27533.33,0.382667,32266.6666666667
2020-06-28,1850.0,42.0,5950.0,19616.6666666667,23366.6666666667,16633.3333333333,31683.3333333333,15316.6666666667,27400.0,99.16,27616.67,0.382667,31083.3333333333
2020-07-05,1900.0,42.0,5900.0,19866.6666666667,23500.0,16666.6666666667,31533.3333333333,15816.6666666667,27050.0,99.22,27333.33,0.401269,30883.3333333333
2020-07-12,1950.0,41.5,5925.0,20083.3333333333,23700.0,16983.3333333333,30716.6666666667,16016.6666666667,27350.0,99.94,27166.67,0.40871,30216.6666666667
2020-07-19,2050.0,41.0,6100.0,20733.3333333333,24450.0,17575.0,30600.0,16225.0,27000.0,100.66,27666.67,0.40871,30933.3333333333
2020-07-26,2350.0,41.0,6325.0,21516.6666666667,25600.0,18075.0,30816.6666666667,16783.3333333333,28300.0,101.38,28450.0,0.40871,30700.0
2020-08-02,2350.0,38.0,6800.0,22233.3333333333,26740.0,19108.3333333333,32000.0,17550.0,28000.0,102.4,29266.67,0.41,31733.3333333333
2020-08-09,2350.0,39.0,7200.0,22740.0,27716.6666666667,20110.0,32560.0,18760.0,29400.0,102.7,29640.0,0.413226,32000.0
2020-08-16,2600.0,39.0,8200.0,23880.0,29360.0,21750.0,33680.0,20720.0,30800.0,103.0,31380.0,0.413226,33380.0
2020-08-23,3050.0,43.0,8450.0,23400.0,29083.3333333333,21800.0,34333.3333333333,20041.6666666667,28500.0,103.3,30650.0,0.413226,33600.0
2020-08-30,2950.0,43.9,8450.0,23283.3333333333,28166.6666666667,20775.0,33550.0,19125.0,29000.0,103.6,30450.0,0.413226,32100.0
2020-09-06,3100.0,44.9,8925.0,23866.6666666667,28133.3333333333,21583.3333333333,33600.0,20066.6666666667,29350.0,104.14,30616.67,0.401032,32316.6666666667
2020-09-13,3150.0,42.6,9000.0,24200.0,28033.3333333333,21691.6666666667,33500.0,19833.3333333333,29250.0,104.38,30450.0,0.399,32666.6666666667
2020-09-20,3450.0,43.53,8925.0,23833.3333333333,27933.3333333333,21408.3333333333,33500.0,19300.0,29450.0,104.62,30525.0,0.399,32683.3333333333
2020-09-27,3750.0,48.75,8800.0,23633.3333333333,27666.6666666667,20591.6666666667,33650.0,19025.0,28800.0,104.86,30250.0,0.399,32616.6666666667
2020-10-04,3750.0,49.98,8800.0,23480.0,27200.0,19770.0,33400.0,18580.0,29150.0,106.46,30280.0,0.365839,31940.0
2020-10-11,3500.0,47.75,8300.0,23833.3333333333,27450.0,20658.3333333333,34400.0,19316.6666666667,29300.0,107.82,31150.0,0.340968,32400.0
2020-10-18,3500.0,46.88,8400.0,24083.3333333333,27600.0,21033.3333333333,34966.6666666667,19666.6666666667,29600.0,109.18,31800.0,0.340968,32783.3333333333
2020-10-25,3500.0,45.58,8850.0,24350.0,27600.0,21310.0,35283.3333333333,20400.0,30800.0,110.54,32333.33,0.340968,33066.6666666667
2020-11-01,3900.0,45.38,9050.0,24783.3333333333,28016.6666666667,22330.0,36250.0,21691.6666666667,31100.0,111.9,33083.33,0.360258,33766.6666666667
2020-11-08,4000.0,46.77,9550.0,25250.0,28820.0,23441.6666666667,36900.0,22633.3333333333,32350.0,113.4,33958.33,0.476,34783.3333333333
2020-11-15,4800.0,50.12,10125.0,25220.0,29940.0,23820.0,37580.0,23070.0,33600.0,114.9,34540.0,0.476,34900.0
2020-11-22,6250.0,49.7,11700.0,25866.6666666667,31316.6666666667,25666.6666666667,39183.3333333333,25200.0,34250.0,116.4,36516.67,0.476,36933.3333333333
2020-11-29,6200.0,52.75,11500.0,25500.0,31083.3333333333,25166.6666666667,39650.0,24491.6666666667,34050.0,117.9,36500.0,0.476,37066.6666666667
2020-12-06,6150.0,59.3,11500.0,26833.3333333333,31483.3333333333,26166.6666666667,41200.0,25075.0,34600.0,120.68,37733.33,0.462839,37900.0
2020-12-13,6150.0,57.7,11500.0,27366.6666666667,32383.3333333333,26641.6666666667,41983.3333333333,24850.0,35300.0,121.96,37858.33,0.460645,38483.3333333333
2020-12-20,6150.0,63.58,11950.0,28683.3333333333,33083.3333333333,27683.3333333333,43316.6666666667,25483.3333333333,37550.0,123.24,39733.33,0.460645,40116.6666666667
2020-12-27,6200.0,67.6,12075.0,29040.0,33460.0,27770.0,45020.0,26060.0,38050.0,124.52,40460.0,0.460645,42500.0
2021-01-03,6150.0,67.6,12150.0,30300.0,35600.0,27425.0,47600.0,26150.0,39400.0,125.52,41550.0,0.470323,43700.0
2021-01-10,6100.0,65.52,12300.0,30150.0,36116.6666666667,27366.6666666667,48000.0,26300.0,39200.0,125.23,41666.67,0.483226,44650.0
2021-01-17,6000.0,69.9,12450.0,29000.0,36083.3333333333,26183.3333333333,47166.6666666667,25775.0,37550.0,124.95,40583.33,0.483226,44066.6666666667
2021-01-24,6000.0,71.73,12450.0,27216.6666666667,34533.3333333333,24650.0,44983.3333333333,24416.6666666667,34350.0,124.67,37900.0,0.483226,41716.6666666667
2021-01-31,5900.0,72.3,12450.0,26460.0,32680.0,24160.0,43320.0,23860.0,33300.0,124.38,36820.0,0.483226,39960.0
2021-02-07,5500.0,65.0,12100.0,25850.0,31066.6666666667,23516.6666666667,42100.0,22925.0,32550.0,124.14,35500.0,0.52,37833.3333333333
2021-02-14,5250.0,68.08,11750.0,27183.3333333333,31416.6666666667,24300.0,42266.6666666667,23483.3333333333,33700.0,124.18,36716.67,0.52,38033.3333333333
2021-02-21,5200.0,66.9,11750.0,28533.3333333333,33083.3333333333,26133.3333333333,43533.3333333333,25133.3333333333,36750.0,124.22,39166.67,0.52,40350.0
2021-02-28,5200.0,63.88,11750.0,28783.3333333333,34866.6666666667,26666.6666666667,44500.0,26116.6666666667,38000.0,124.26,39966.67,0.52,41233.3333333333
2021-03-07,5150.0,65.08,12100.0,29616.6666666667,35916.6666666667,27258.3333333333,46016.6666666667,27250.0,37700.0,124.94,41266.67,0.469677,42500.0
2021-03-14,5150.0,67.77,12450.0,29466.6666666667,36633.3333333333,27333.3333333333,45950.0,27316.6666666667,38400.0,125.58,40383.33,0.469677,42150.0
2021-03-21,5250.0,70.7,12000.0,29550.0,36850.0,27433.3333333333,46333.3333333333,27233.3333333333,38100.0,126.22,40433.33,0.469677,42433.3333333333
2021-03-28,5200.0,72.6,11950.0,29800.0,36600.0,27616.6666666667,46300.0,27333.3333333333,39150.0,126.86,40850.0,0.469677,42483.3333333333
2021-04-04,6400.0,75.27,13100.0,31375.0,37700.0,29612.5,47375.0,29525.0,41150.0,128.16,42700.0,0.350624,44550.0
2021-04-11,6700.0,73.3,13500.0,32050.0,38966.6666666667,29491.6666666667,47733.3333333333,29733.3333333333,39900.0,128.82,42016.67,0.261333,44800.0
2021-04-18,7100.0,72.34,14250.0,32866.6666666667,39266.6666666667,29708.3333333333,47900.0,30175.0,41800.0,129.48,43183.33,0.261333,45450.0
2021-04-25,7800.0,71.52,15000.0,33233.3333333333,39683.3333333333,29333.3333333333,49766.6666666667,29425.0,40800.0,130.14,43916.67,0.261333,46400.0
2021-05-02,7800.0,68.06,15000.0,34200.0,39416.6666666667,28966.6666666667,49016.6666666667,28675.0,41100.0,131.13,43883.33,0.347957,45766.6666666667
2021-05-09,7600.0,72.74,15250.0,35366.6666666667,39466.6666666667,29633.3333333333,49783.3333333333,29183.3333333333,41600.0,131.47,45166.67,0.564516,46200.0
2021-05-16,9300.0,78.9,17375.0,36666.6666666667,40166.6666666667,31366.6666666667,50633.3333333333,31416.6666666667,43100.0,131.8,45516.67,0.564516,47216.6666666667
2021-05-23,9300.0,80.34,17750.0,36400.0,40050.0,30566.6666666667,50166.6666666667,29983.3333333333,41250.0,132.13,44266.67,0.564516,46700.0
2021-05-30,8900.0,81.64,16000.0,34616.6666666667,39000.0,30100.0,48250.0,28791.6666666667,40400.0,132.47,42750.0,0.564516,45016.6666666667
2021-06-06,9150.0,85.54,16125.0,34516.6666666667,38800.0,31816.6666666667,47833.3333333333,30583.3333333333,42600.0,132.78,43058.33,0.430645,45733.3333333333
2021-06-13,9150.0,89.08,16125.0,34616.6666666667,39000.0,32783.3333333333,47683.3333333333,30750.0,42400.0,132.76,43500.0,0.408333,46350.0
2021-06-20,9150.0,88.66,16000.0,34483.3333333333,38983.3333333333,32116.6666666667,47300.0,30708.3333333333,42100.0,132.74,43300.0,0.408333,46033.3333333333
2021-06-27,9400.0,90.1,16000.0,34200.0,38583.3333333333,31158.3333333333,45883.3333333333,30283.3333333333,40400.0,132.72,42350.0,0.408333,44900.0
2021-07-04,9600.0,89.44,16000.0,33316.6666666667,37900.0,30050.0,45250.0,29300.0,40200.0,133.04,41083.33,0.411129,43583.3333333333
2021-07-11,9100.0,90.8,16000.0,32750.0,37466.6666666667,30133.3333333333,45466.6666666667,28833.3333333333,40700.0,133.38,41583.33,0.413226,43133.3333333333
2021-07-18,9400.0,94.52,16000.0,33366.6666666667,37900.0,30983.3333333333,47166.6666666667,29050.0,41000.0,133.72,42883.33,0.413226,43766.6666666667
2021-07-25,9200.0,98.36,14600.0,33916.6666666667,38383.3333333333,32066.6666666667,47533.3333333333,29600.0,41300.0,134.06,43616.67,0.413226,44583.3333333333
2021-08-01,8800.0,104.0,14700.0,35283.3333333333,38933.3333333333,32408.3333333333,48300.0,30200.0,42600.0,134.4,44750.0,0.410968,44733.3333333333
2021-08-08,8700.0,104.62,14350.0,35800.0,39483.3333333333,33133.3333333333,49366.6666666667,30933.3333333333,42400.0,134.44,45333.33,0.397419,45333.3333333333
2021-08-15,8500.0,107.46,14350.0,35100.0,39450.0,33125.0,49500.0,31475.0,43100.0,134.48,44783.33,0.397419,45066.6666666667
2021-08-22,8100.0,109.56,13712.5,35466.6666666667,39483.3333333333,33316.6666666667,50116.6666666667,31741.6666666667,42400.0,134.52,45100.0,0.397419,45683.3333333333
2021-08-29,6900.0,109.82,12150.0,34700.0,38883.3333333333,31733.3333333333,49250.0,29933.3333333333,41100.0,134.56,43666.67,0.397419,44833.3333333333
2021-09-05,6750.0,118.15,12150.0,34400.0,38400.0,31241.6666666667,48266.6666666667,29750.0,41300.0,136.12,43316.67,0.418548,44500.0
2021-09-12,6400.0,121.37,11725.0,34600.0,38333.3333333333,30633.3333333333,46700.0,29300.0,41000.0,137.64,42440.0,0.427,44200.0
2021-09-19,5750.0,125.37,11550.0,34933.3333333333,39333.3333333333,31750.0,45700.0,30000.0,41600.0,139.16,42500.0,0.427,44316.6666666667
2021-09-26,5050.0,131.68,11550.0,34733.3333333333,41000.0,31833.3333333333,46150.0,30441.6666666667,41850.0,140.68,43100.0,0.427,44783.3333333333
2021-10-03,5050.0,149.72,12233.33,35240.0,41566.6666666667,34120.0,46620.0,31900.0,45200.0,141.87,44080.0,0.419161,45600.0
2021-10-10,5350.0,170.75,13250.0,36566.6666666667,44300.0,35750.0,50183.3333333333,33816.6666666667,45600.0,141.53,46250.0,0.40871,49466.6666666667
2021-10-17,5550.0,190.25,13850.0,38020.0,45500.0,36666.6666666667,53040.0,35340.0,48500.0,141.2,49720.0,0.40871,51360.0
2021-10-24,6200.0,182.66,13850.0,37900.0,44850.0,36833.3333333333,54066.6666666667,34566.6666666667,45350.0,140.87,48266.67,0.40871,51650.0
2021-10-31,6100.0,142.84,13150.0,36800.0,44260.0,35183.3333333333,52633.3333333333,32966.6666666667,45400.0,140.53,47033.33,0.40871,49900.0
2021-11-07,6000.0,107.07,13150.0,37300.0,43850.0,34312.5,52775.0,32475.0,44700.0,140.08,47300.0,0.499333,49975.0
2021-11-14,5950.0,118.84,12075.0,36750.0,42120.0,32433.3333333333,51450.0,30650.0,42200.0,139.96,45900.0,0.499333,48516.6666666667
2021-11-21,5550.0,106.44,11475.0,36833.3333333333,40800.0,31375.0,50100.0,29366.6666666667,41500.0,139.84,44883.33,0.499333,46050.0
2021-11-28,5200.0,125.44,10816.67,36183.3333333333,39316.6666666667,31033.3333333333,49216.6666666667,28866.6666666667,40500.0,139.72,44216.67,0.499333,45133.3333333333
2021-12-05,5100.0,109.19,9650.0,35633.3333333333,38166.6666666667,31208.3333333333,48916.6666666667,27983.3333333333,39300.0,139.98,44116.67,0.51686,45050.0
2021-12-12,5050.0,107.81,9916.67,35333.3333333333,37666.6666666667,30200.0,48366.6666666667,27483.3333333333,40800.0,140.36,43833.33,0.523871,44416.6666666667
2021-12-19,4500.0,116.94,10075.0,36150.0,38883.3333333333,31225.0,49916.6666666667,28833.3333333333,41600.0,140.74,44683.33,0.523871,45633.3333333333
2021-12-26,4750.0,121.4,10566.67,35600.0,38925.0,30430.0,49580.0,29020.0,42100.0,141.12,43940.0,0.523871,44700.0
2022-01-02,4750.0,111.48,10850.0,36400.0,39500.0,32100.0,50600.0,30900.0,42600.0,142.5,45416.67,0.517419,46500.0
2022-01-09,4750.0,110.3,10850.0,36400.0,39600.0,32366.6666666667,50733.3333333333,30816.6666666667,43350.0,143.5,45833.33,0.50129,46366.6666666667
2022-01-16,4600.0,136.2,11216.67,37050.0,41150.0,34800.0,51566.6666666667,32200.0,44650.0,144.5,47033.33,0.50129,47650.0
2022-01-23,4900.0,147.36,11625.0,37383.3333333333,42916.6666666667,36116.6666666667,52683.3333333333,33016.6666666667,45200.0,145.5,48233.33,0.50129,48516.6666666667
2022-01-30,5300.0,162.48,12050.0,37720.0,45040.0,36830.0,53720.0,34340.0,47800.0,146.5,49560.0,0.50129,49900.0
2022-02-06,5400.0,163.46,12200.0,38316.6666666667,46883.3333333333,37633.3333333333,55900.0,34850.0,47800.0,150.26,51066.67,0.536613,51583.3333333333
2022-02-13,5900.0,179.2,12550.0,38050.0,47166.6666666667,36850.0,56483.3333333333,34025.0,46100.0,153.02,50233.33,0.5425,51716.6666666667
2022-02-20,5900.0,184.8,12550.0,37900.0,47283.3333333333,36025.0,56166.6666666667,34400.0,47700.0,155.78,50433.33,0.5425,52000.0
2022-02-27,6200.0,195.4,12700.0,39500.0,47400.0,36583.3333333333,57200.0,35500.0,49150.0,158.54,51716.67,0.5425,53416.6666666667
2022-03-06,6500.0,308.2,13425.0,43033.3333333333,52100.0,39733.3333333333,62616.6666666667,39816.6666666667,56500.0,161.76,57483.33,0.509113,58450.0
2022-03-13,6800.0,393.4,14500.0,46483.3333333333,56683.3333333333,43316.6666666667,71800.0,43433.3333333333,56300.0,162.22,61466.67,0.503548,65200.0
2022-03-20,6300.0,335.0,14500.0,42500.0,55825.0,40200.0,68950.0,40550.0,55500.0,162.68,56800.0,0.503548,63375.0
2022-03-27,6150.0,220.4,14500.0,43883.3333333333,58666.6666666667,42100.0,68700.0,40933.3333333333,56900.0,163.14,59133.33,0.503548,64066.6666666667
2022-04-03,6000.0,234.2,13650.0,43066.6666666667,58316.6666666667,40416.6666666667,67433.3333333333,38133.3333333333,55700.0,162.76,58033.33,0.486742,61766.6666666667
2022-04-10,6000.0,240.6,13150.0,43316.6666666667,57233.3333333333,38475.0,65966.6666666667,36766.6666666667,53200.0,161.92,56983.33,0.464333,60266.6666666667
2022-04-17,5700.0,273.0,12150.0,42400.0,57216.6666666667,38275.0,63633.3333333333,36350.0,55500.0,161.08,56833.33,0.464333,59116.6666666667
2022-04-24,6050.0,278.8,11933.33,45216.6666666667,58316.6666666667,39983.3333333333,65866.6666666667,37833.3333333333,55000.0,160.24,59533.33,0.464333,62566.6666666667
2022-05-01,5700.0,252.4,11350.0,44166.6666666667,57466.6666666667,37975.0,63983.3333333333,35750.0,55300.0,159.4,57283.33,0.47671,60450.0
2022-05-08,5650.0,252.2,11083.33,44000.0,56983.3333333333,37400.0,64100.0,35183.3333333333,54900.0,158.32,56983.33,0.550968,59833.3333333333
2022-05-15,5550.0,283.6,10950.0,43850.0,54916.6666666667,36066.6666666667,61816.6666666667,34716.6666666667,52400.0,157.24,55033.33,0.550968,58383.3333333333
2022-05-22,4800.0,292.4,10416.67,42750.0,51600.0,35091.6666666667,59466.6666666667,34050.0,50200.0,156.16,52566.67,0.550968,56650.0
2022-05-29,4000.0,253.2,10150.0,38500.0,46416.6666666667,32533.3333333333,55883.3333333333,32183.3333333333,44400.0,155.08,48183.33,0.550968,52350.0
2022-06-05,3600.0,247.0,10150.0,38483.3333333333,44183.3333333333,33316.6666666667,55466.6666666667,31266.6666666667,44350.0,153.94,47933.33,0.557419,49833.3333333333
2022-06-12,3300.0,230.0,8316.67,37983.3333333333,43516.6666666667,32316.6666666667,54533.3333333333,30675.0,44100.0,153.88,46850.0,0.56,49816.6666666667
2022-06-19,3150.0,202.0,7950.0,37833.3333333333,43550.0,32058.3333333333,52716.6666666667,31191.6666666667,45900.0,153.82,47150.0,0.56,50450.0
2022-06-26,3100.0,213.0,7575.0,37500.0,44050.0,32833.3333333333,52416.6666666667,31750.0,47150.0,153.76,47116.67,0.56,51233.3333333333
2022-07-03,3200.0,205.0,8050.0,38550.0,44800.0,34508.3333333333,54283.3333333333,32783.3333333333,48200.0,153.72,49233.33,0.530968,52516.6666666667
2022-07-10,3500.0,244.0,8500.0,39766.6666666667,45900.0,35600.0,54900.0,33966.6666666667,50100.0,153.73,50683.33,0.492258,52850.0
2022-07-17,3500.0,237.0,8850.0,42466.6666666667,47400.0,36650.0,55700.0,35250.0,48100.0,153.75,51666.67,0.492258,54600.0
2022-07-24,3550.0,225.0,8850.0,40700.0,47016.6666666667,35633.3333333333,54300.0,33275.0,46500.0,153.77,49283.33,0.492258,52116.6666666667
2022-07-31,3650.0,225.0,8900.0,40716.6666666667,47150.0,36300.0,53200.0,34133.3333333333,49300.0,153.78,50100.0,0.492258,51583.3333333333
2022-08-07,3250.0,225.0,9150.0,42666.6666666667,47333.3333333333,36566.6666666667,55650.0,35133.3333333333,47750.0,153.08,51233.33,0.49,52466.6666666667
2022-08-14,3600.0,195.0,9150.0,42560.0,46775.0,36040.0,55560.0,34510.0,49200.0,152.36,51360.0,0.49,51820.0
2022-08-21,3400.0,210.0,9150.0,43320.0,47200.0,36320.0,56440.0,35080.0,48300.0,151.64,51600.0,0.49,52320.0
2022-08-28,3400.0,210.0,8900.0,42583.3333333333,46700.0,35583.3333333333,55633.3333333333,34283.3333333333,47850.0,150.92,51150.0,0.49,51350.0
2022-09-04,3400.0,210.0,8425.0,41300.0,45950.0,35041.6666666667,55500.0,33350.0,47200.0,150.4,50300.0,0.49,50666.6666666667
2022-09-11,3450.0,210.0,8200.0,40200.0,45150.0,34566.6666666667,54983.3333333333,32508.3333333333,47100.0,150.6,49716.67,0.49,50950.0
2022-09-18,3400.0,214.0,8100.0,39450.0,44766.6666666667,34308.3333333333,54566.6666666667,32516.6666666667,47450.0,150.8,49833.33,0.49,51750.0
2022-09-25,3500.0,215.0,8150.0,38716.6666666667,44383.3333333333,34083.3333333333,54450.0,31933.3333333333,47500.0,151.0,49100.0,0.49,51433.3333333333
2022-10-02,3500.0,215.0,8275.0,39250.0,44033.3333333333,34733.3333333333,54866.6666666667,31791.6666666667,48200.0,150.6,50300.0,0.49129,51916.6666666667
2022-10-09,3500.0,215.0,8400.0,39360.0,44040.0,35216.6666666667,55560.0,31870.0,48350.0,150.0,50480.0,0.494516,52080.0
2022-10-16,3500.0,191.0,8350.0,39400.0,43983.3333333333,34766.6666666667,56000.0,31541.6666666667,46800.0,149.4,50300.0,0.494516,51650.0
2022-10-23,3700.0,175.0,8300.0,38483.3333333333,43460.0,33991.6666666667,55400.0,31433.3333333333,47000.0,148.8,49266.67,0.494516,50350.0
2022-10-30,3600.0,175.0,8225.0,37825.0,43000.0,33325.0,55600.0,31625.0,45800.0,148.2,49200.0,0.494516,50775.0
2022-11-06,3500.0,175.0,7900.0,36983.3333333333,42316.6666666667,32733.3333333333,54566.6666666667,30900.0,44450.0,147.66,47866.67,0.520645,49700.0
2022-11-13,3400.0,168.0,7900.0,36150.0,41033.3333333333,31675.0,53500.0,30041.6666666667,43200.0,147.72,46950.0,0.525,48500.0
2022-11-20,3400.0,150.0,8216.67,34100.0,39500.0,30958.3333333333,51383.3333333333,28741.6666666667,43500.0,147.78,44683.33,0.525,46166.6666666667
2022-11-27,3900.0,150.0,9150.0,33800.0,39150.0,31975.0,52750.0,28833.3333333333,40700.0,147.84,44533.33,0.525,46866.6666666667
2022-12-04,4250.0,149.0,8650.0,34700.0,39183.3333333333,32908.3333333333,52350.0,29333.3333333333,41700.0,148.76,45200.0,0.476613,46366.6666666667
2022-12-11,4350.0,150.0,8825.0,36216.6666666667,40150.0,33025.0,53066.6666666667,30483.3333333333,43500.0,149.62,46700.0,0.440323,47633.3333333333
2022-12-18,4500.0,150.0,9116.67,36266.6666666667,40441.6666666667,32991.6666666667,53066.6666666667,30383.3333333333,43800.0,150.48,46100.0,0.440323,47700.0
2022-12-25,4500.0,150.0,9350.0,36300.0,40333.3333333333,33116.6666666667,52700.0,30658.3333333333,44500.0,151.34,46216.67,0.440323,48050.0
2023-01-01,4700.0,150.0,9500.0,38000.0,42250.0,34183.3333333333,54700.0,31966.6666666667,46600.0,152.2,48266.67,0.460645,49850.0
2023-01-08,4850.0,150.17,9675.0,38350.0,43116.6666666667,35450.0,56283.3333333333,32366.6666666667,46900.0,151.94,50050.0,0.582581,51383.3333333333
2023-01-15,4900.0,151.0,9783.33,37516.6666666667,43066.6666666667,35525.0,56133.3333333333,32100.0,48000.0,151.68,50250.0,0.582581,51433.3333333333
2023-01-22,5000.0,151.0,10300.0,37433.3333333333,44300.0,35575.0,57266.6666666667,32458.3333333333,47100.0,151.42,51200.0,0.582581,52450.0
2023-01-29,5250.0,151.0,10300.0,37080.0,44030.0,34950.0,57900.0,32100.0,46800.0,151.16,51040.0,0.582581,51760.0
2023-02-05,5400.0,142.67,10300.0,36583.3333333333,43266.6666666667,33941.6666666667,58566.6666666667,31975.0,45800.0,150.68,50233.33,0.666452,51516.6666666667
2023-02-12,5400.0,123.0,10050.0,36000.0,42158.3333333333,32908.3333333333,57600.0,31475.0,44950.0,150.46,48716.67,0.7,50350.0
2023-02-19,5400.0,115.0,10050.0,36416.6666666667,41883.3333333333,32900.0,56316.6666666667,31541.6666666667,46450.0,150.24,48800.0,0.7,50383.3333333333
2023-02-26,5700.0,115.0,10350.0,36900.0,42333.3333333333,33216.6666666667,56483.3333333333,31875.0,45400.0,150.02,48450.0,0.7,50900.0
2023-03-05,5700.0,115.0,10350.0,37433.3333333333,42300.0,33075.0,56000.0,31775.0,45800.0,149.38,48933.33,0.654839,50266.6666666667
2023-03-12,5700.0,114.5,10250.0,38666.6666666667,42200.0,33116.6666666667,56200.0,32125.0,45800.0,148.96,49700.0,0.636774,50625.0
2023-03-19,5700.0,109.67,10250.0,38766.6666666667,41750.0,32191.6666666667,56533.3333333333,31508.3333333333,45400.0,148.54,48600.0,0.636774,50383.3333333333
2023-03-26,5700.0,110.6,10250.0,37600.0,40983.3333333333,31625.0,55600.0,30816.6666666667,45500.0,148.12,47683.33,0.636774,50033.3333333333
2023-04-02,5700.0,111.83,9800.0,37883.3333333333,40508.3333333333,31758.3333333333,55500.0,30266.6666666667,45850.0,147.45,48300.0,0.602839,50216.6666666667
2023-04-09,5700.0,114.2,9700.0,38500.0,42166.6666666667,32258.3333333333,55500.0,30458.3333333333,45800.0,147.2,48283.33,0.518,50400.0
2023-04-16,5700.0,110.67,9650.0,38250.0,42875.0,32558.3333333333,54800.0,30183.3333333333,46000.0,146.95,47816.67,0.518,50250.0
2023-04-23,5700.0,109.17,9375.0,38416.6666666667,43158.3333333333,32991.6666666667,54866.6666666667,30266.6666666667,45900.0,146.7,48283.33,0.518,50650.0
2023-04-30,5600.0,109.0,9250.0,37683.3333333333,42516.6666666667,32291.6666666667,54433.3333333333,29450.0,45150.0,146.45,47566.67,0.518,49883.3333333333
2023-05-07,5600.0,106.0,8700.0,36766.6666666667,41341.6666666667,30891.6666666667,53383.3333333333,28025.0,43050.0,145.5,46300.0,0.68871,48566.6666666667
2023-05-14,5600.0,100.0,8700.0,37133.3333333333,42566.6666666667,30458.3333333333,53050.0,28791.6666666667,43900.0,144.8,47133.33,0.68871,47716.6666666667
2023-05-21,5400.0,88.0,9050.0,38166.6666666667,42508.3333333333,30008.3333333333,54050.0,29500.0,43700.0,144.1,47200.0,0.68871,48116.6666666667
2023-05-28,5400.0,88.0,9100.0,37483.3333333333,41783.3333333333,29033.3333333333,53500.0,28216.6666666667,43100.0,143.4,46116.67,0.68871,47583.3333333333
2023-06-04,5500.0,86.5,8950.0,37583.3333333333,41100.0,28841.6666666667,52366.6666666667,27708.3333333333,42700.0,141.88,45533.33,0.608495,46950.0
2023-06-11,5500.0,84.67,8875.0,37200.0,41525.0,29491.6666666667,51483.3333333333,28225.0,43600.0,141.06,45866.67,0.548333,47400.0
2023-06-18,5200.0,84.0,8900.0,37000.0,41758.3333333333,30266.6666666667,51100.0,28158.3333333333,43550.0,140.24,45816.67,0.548333,47666.6666666667
2023-06-25,5200.0,84.0,8900.0,36966.6666666667,41000.0,29941.6666666667,50783.3333333333,27416.6666666667,43050.0,139.42,45616.67,0.548333,47250.0
2023-07-02,4950.0,84.0,8900.0,36283.3333333333,40175.0,29566.6666666667,49433.3333333333,27100.0,42500.0,138.78,44600.0,0.571667,46666.6666666667
2023-07-09,4800.0,89.33,8900.0,34616.6666666667,39641.6666666667,28958.3333333333,48150.0,26791.6666666667,41600.0,138.97,43416.67,0.63,45600.0
2023-07-16,4700.0,90.0,8900.0,34000.0,38866.6666666667,28225.0,47183.3333333333,26375.0,40300.0,139.15,42633.33,0.63,44300.0
2023-07-23,4200.0,88.0,8900.0,34483.3333333333,38575.0,27850.0,46716.6666666667,26175.0,40200.0,139.33,42400.0,0.63,43183.3333333333
2023-07-30,4200.0,76.33,8850.0,33650.0,38475.0,27925.0,46150.0,26516.6666666667,40600.0,139.52,42350.0,0.63,42816.6666666667
2023-08-06,4200.0,82.33,9000.0,34750.0,39808.3333333333,29450.0,47033.3333333333,28383.3333333333,41650.0,140.54,43716.67,0.618387,44466.6666666667
2023-08-13,4200.0,85.33,9000.0,34900.0,39691.6666666667,30250.0,47783.3333333333,28583.3333333333,41400.0,141.38,43433.33,0.616452,44333.3333333333
2023-08-20,4400.0,91.2,9200.0,35640.0,39550.0,30820.0,48220.0,28920.0,42450.0,142.22,44520.0,0.616452,44920.0
2023-08-27,4400.0,94.0,9375.0,35966.6666666667,39608.3333333333,31608.3333333333,49766.6666666667,30016.6666666667,44000.0,143.06,45266.67,0.616452,46333.3333333333
2023-09-03,4500.0,97.6,9925.0,36500.0,40620.0,32680.0,51300.0,31550.0,44700.0,143.82,46780.0,0.602258,48220.0
2023-09-10,4600.0,100.0,10250.0,36733.3333333333,40700.0,32466.6666666667,51966.6666666667,31016.6666666667,43900.0,143.74,46766.67,0.583333,48433.3333333333
2023-09-17,4950.0,101.5,10350.0,36716.6666666667,40450.0,32200.0,51866.6666666667,30550.0,44500.0,143.66,46550.0,0.583333,47416.6666666667
2023-09-24,5300.0,106.67,10550.0,36966.6666666667,40375.0,32491.6666666667,52066.6666666667,31191.6666666667,43500.0,143.58,46660.0,0.583333,47466.6666666667
2023-10-01,5300.0,109.17,10550.0,36933.3333333333,39560.0,31475.0,52100.0,30500.0,43050.0,143.5,46100.0,0.587742,46233.3333333333
2023-10-08,5100.0,110.0,10300.0,36500.0,39600.0,31440.0,51840.0,30450.0,43500.0,142.82,46180.0,0.614194,46480.0
2023-10-15,5000.0,111.0,10075.0,36000.0,39166.6666666667,30816.6666666667,51366.6666666667,29516.6666666667,42700.0,142.14,45583.33,0.614194,46383.3333333333
2023-10-22,5100.0,115.0,10050.0,35250.0,38491.6666666667,29591.6666666667,50783.3333333333,28341.6666666667,41400.0,141.46,44566.67,0.614194,45866.6666666667
2023-10-29,4700.0,115.0,9750.0,34240.0,38040.0,29850.0,49900.0,27750.0,41950.0,140.78,44260.0,0.614194,45120.0
2023-11-05,4850.0,115.0,9750.0,33950.0,37425.0,30025.0,49850.0,27741.6666666667,41100.0,139.72,43666.67,0.667151,45083.3333333333
2023-11-12,4900.0,109.0,9225.0,33666.6666666667,36820.0,29341.6666666667,49000.0,27191.6666666667,41200.0,139.34,43100.0,0.688333,44283.3333333333
2023-11-19,4900.0,103.4,9700.0,33780.0,37000.0,29140.0,49200.0,27610.0,41150.0,138.96,43400.0,0.688333,44620.0
2023-11-26,5000.0,99.67,9700.0,34000.0,36841.6666666667,28683.3333333333,48950.0,27533.3333333333,40100.0,138.58,43033.33,0.688333,44383.3333333333
2023-12-03,5000.0,96.33,9700.0,33416.6666666667,36575.0,27941.6666666667,48533.3333333333,26658.3333333333,39550.0,138.08,42433.33,0.691398,43416.6666666667
2023-12-10,5000.0,95.0,9700.0,33933.3333333333,36691.6666666667,28750.0,48283.3333333333,26941.6666666667,40450.0,137.97,42966.67,0.695484,43316.6666666667
2023-12-17,5100.0,93.8,9850.0,34133.3333333333,36866.6666666667,29200.0,49150.0,27666.6666666667,40250.0,137.85,43366.67,0.695484,44350.0
2023-12-24,5500.0,93.0,10100.0,33783.3333333333,36910.0,28833.3333333333,48850.0,27025.0,39500.0,137.73,42416.67,0.695484,43433.3333333333
2023-12-31,5500.0,93.0,10200.0,33540.0,36991.6666666667,27900.0,48800.0,26550.0,39400.0,137.62,42060.0,0.695484,43060.0
2024-01-07,5500.0,89.67,10100.0,33500.0,37216.6666666667,28658.3333333333,48916.6666666667,27183.3333333333,39950.0,137.46,42916.67,0.677419,43516.6666666667
2024-01-14,5500.0,88.0,10000.0,33133.3333333333,37775.0,28525.0,48650.0,26841.6666666667,39500.0,137.42,42400.0,0.677419,43250.0
2024-01-21,5850.0,79.33,9700.0,33000.0,37700.0,28158.3333333333,48616.6666666667,26500.0,39250.0,137.38,42583.33,0.677419,43050.0
2024-01-28,5800.0,77.0,9700.0,33000.0,37630.0,27670.0,48700.0,26420.0,39200.0,137.34,42540.0,0.677419,42920.0
2024-02-04,5800.0,77.0,9800.0,32783.3333333333,37333.3333333333,27283.3333333333,48400.0,26450.0,38950.0,137.18,42616.67,0.698598,42866.6666666667
2024-02-11,5800.0,77.0,9500.0,32533.3333333333,37058.3333333333,26733.3333333333,48033.3333333333,26241.6666666667,38700.0,137.06,42633.33,0.714483,42666.6666666667
2024-02-18,5650.0,77.0,9500.0,32500.0,36690.0,25675.0,48083.3333333333,26191.6666666667,38800.0,136.94,42583.33,0.714483,42333.3333333333
2024-02-25,5450.0,77.0,9400.0,33066.6666666667,36775.0,26208.3333333333,48300.0,26333.3333333333,39100.0,136.82,43050.0,0.714483,42850.0
2024-03-03,5250.0,80.0,9300.0,33516.6666666667,36600.0,26450.0,48733.3333333333,26166.6666666667,39066.6666666667,137.32,42900.0,0.699566,43033.3333333333
2024-03-10,5100.0,82.0,9100.0,33633.3333333333,37075.0,26983.3333333333,49233.3333333333,26675.0,39558.3333333333,137.93,43183.3333333333,0.679677,43766.6666666667
2024-03-17,5100.0,82.0,9200.0,33500.0,37225.0,26950.0,49500.0,26475.0,39375.0,138.55,42716.6666666667,0.679677,43483.3333333333
2024-03-24,4750.0,82.0,9200.0,33050.0,37120.0,27408.3333333333,49233.3333333333,26516.6666666667,39283.3333333333,139.17,42366.6666666667,0.679677,42833.3333333333
2024-03-31,4550.0,82.0,9200.0,33000.0,37120.0,28425.0,49050.0,27012.5,39725.0,139.78,42500.0,0.679677,43275.0
2024-04-07,4600.0,83.6,9275.0,33350.0,38816.6666666667,29583.3333333333,49450.0,28591.6666666667,41375.0,140.74,43516.6666666667,0.683667,44683.3333333333
2024-04-14,4600.0,86.0,9500.0,34000.0,39541.6666666667,29950.0,49883.3333333333,28858.3333333333,41733.3333333333,141.08,43516.6666666667,0.683667,46083.3333333333
2024-04-21,4950.0,89.2,9800.0,34866.6666666667,40700.0,31166.6666666667,50883.3333333333,30058.3333333333,43683.3333333333,141.42,45400.0,0.683667,47450.0
2024-04-28,4950.0,91.5,9800.0,35000.0,41166.6666666667,30566.6666666667,51300.0,28883.3333333333,42758.3333333333,141.76,45316.6666666667,0.683667,46600.0
2024-05-05,5000.0,97.0,10200.0,35766.6666666667,42841.6666666667,30975.0,51633.3333333333,29175.0,43525.0,141.64,46633.3333333333,0.696946,46816.6666666667
2024-05-12,5000.0,97.0,10650.0,36500.0,43666.6666666667,31166.6666666667,53133.3333333333,29925.0,44408.3333333333,141.18,47933.3333333333,0.702258,48116.6666666667
2024-05-19,5000.0,95.4,10650.0,35916.6666666667,42883.3333333333,30433.3333333333,53250.0,29350.0,43900.0,140.72,47116.6666666667,0.702258,47316.6666666667
2024-05-26,5400.0,93.2,10700.0,36400.0,42083.3333333333,30416.6666666667,53166.6666666667,29125.0,44016.6666666667,140.26,47050.0,0.702258,47833.3333333333
2024-06-02,5500.0,92.0,11550.0,36466.6666666667,41308.3333333333,30366.6666666667,52650.0,28341.6666666667,43991.6666666667,138.93,46566.6666666667,0.698946,47800.0
2024-06-09,5450.0,94.4,11550.0,36333.3333333333,41066.6666666667,29966.6666666667,52150.0,28075.0,44275.0,138.07,46416.6666666667,0.690667,48400.0
2024-06-16,5300.0,96.0,11000.0,35433.3333333333,39825.0,28650.0,51316.6666666667,27125.0,43108.3333333333,137.2,45133.3333333333,0.690667,47500.0
2024-06-23,4800.0,95.4,10600.0,34600.0,38658.3333333333,27466.6666666667,49883.3333333333,26050.0,41291.6666666667,136.33,43550.0,0.690667,45850.0
2024-06-30,4750.0,95.0,9775.0,33733.3333333333,37525.0,26700.0,48966.6666666667,25325.0,39841.6666666667,135.47,42550.0,0.690667,44066.6666666667
2024-07-07,4700.0,92.6,9525.0,33816.6666666667,37991.6666666667,27266.6666666667,48416.6666666667,25908.3333333333,39858.3333333333,134.34,42516.6666666667,0.722581,43300.0
2024-07-14,4500.0,91.8,9250.0,33100.0,38033.3333333333,26783.3333333333,47233.3333333333,25566.6666666667,38966.6666666667,134.08,41550.0,0.722581,42483.3333333333
2024-07-21,4300.0,92.2,9250.0,33066.6666666667,38283.3333333333,27433.3333333333,46666.6666666667,25733.3333333333,38941.6666666667,133.82,41666.6666666667,0.722581,42250.0
2024-07-28,4650.0,93.2,8800.0,33283.3333333333,37883.3333333333,26991.6666666667,45416.6666666667,25225.0,38191.6666666667,133.56,41083.3333333333,0.722581,41633.3333333333
2024-08-04,4500.0,94.2,9100.0,32916.6666666667,37833.3333333333,27416.6666666667,44850.0,25100.0,38658.3333333333,133.6,41450.0,0.667097,42033.3333333333
2024-08-11,4450.0,93.0,9100.0,32666.6666666667,36891.6666666667,26883.3333333333,44683.3333333333,24391.6666666667,38058.3333333333,133.9,41050.0,0.625484,41300.0
2024-08-18,4300.0,93.75,9100.0,32900.0,36600.0,27100.0,45080.0,24460.0,38130.0,134.2,41000.0,0.625484,41200.0
2024-08-25,4200.0,94.0,9100.0,32840.0,36491.6666666667,27040.0,45840.0,24910.0,38390.0,134.5,41080.0,0.625484,41700.0
2024-09-01,4100.0,93.0,9000.0,32500.0,36483.3333333333,26900.0,45800.0,24783.3333333333,38100.0,134.8,40900.0,0.631129,41533.3333333333
2024-09-08,4200.0,91.8,8750.0,32580.0,36508.3333333333,26666.6666666667,45700.0,24733.3333333333,37666.6666666667,135.16,40660.0,0.665,41333.3333333333
2024-09-15,4200.0,89.6,8600.0,32466.6666666667,36450.0,26508.3333333333,45650.0,24725.0,37083.3333333333,135.52,40150.0,0.665,40850.0
2024-09-22,4500.0,89.0,8600.0,32400.0,36433.3333333333,27083.3333333333,45183.3333333333,25333.3333333333,37575.0,135.88,40033.3333333333,0.665,41300.0
2024-09-29,4500.0,88.8,9050.0,32883.3333333333,37550.0,28350.0,46183.3333333333,26850.0,39500.0,136.24,41966.6666666667,0.665,43783.3333333333
2024-10-06,4800.0,88.75,9975.0,33380.0,39120.0,29640.0,48020.0,28560.0,41320.0,136.74,43920.0,0.695,45600.0
2024-10-13,5000.0,90.8,10200.0,33820.0,39360.0,29966.6666666667,49300.0,28440.0,41320.0,136.88,44380.0,0.7,45580.0
2024-10-20,5600.0,90.5,10100.0,33750.0,38341.6666666667,29916.6666666667,48516.6666666667,27716.6666666667,40925.0,137.02,43433.3333333333,0.7,44566.6666666667
2024-10-27,5600.0,89.5,10500.0,32700.0,37116.6666666667,28308.3333333333,47616.6666666667,26366.6666666667,39191.6666666667,137.16,41683.3333333333,0.7,42883.3333333333
2024-11-03,5600.0,89.5,9900.0,32250.0,36616.6666666667,27733.3333333333,47275.0,26133.3333333333,38950.0,136.86,41625.0,0.694,42566.6666666667
2024-11-10,5450.0,89.5,9900.0,32566.6666666667,35933.3333333333,28183.3333333333,47450.0,26366.6666666667,39158.3333333333,136.42,42100.0,0.686,43150.0
2024-11-17,5350.0,89.7,9900.0,33116.6666666667,35158.3333333333,28166.6666666667,47833.3333333333,25975.0,39066.6666666667,135.98,42500.0,0.686,43050.0
2024-11-24,5300.0,88.9,9300.0,32500.0,34075.0,27150.0,47620.0,25250.0,38958.3333333333,135.54,42500.0,0.686,42350.0
2024-12-01,5250.0,89.2,9100.0,32766.6666666667,32900.0,26425.0,47266.6666666667,24616.6666666667,38333.3333333333,135.1,41850.0,0.693484,41350.0
2024-12-08,5250.0,88.8,8800.0,32433.3333333333,32933.3333333333,26625.0,47066.6666666667,24625.0,38291.6666666667,134.98,41700.0,0.738387,41850.0
2024-12-15,5350.0,88.6,9000.0,32583.3333333333,32541.6666666667,26566.6666666667,46583.3333333333,24433.3333333333,38258.3333333333,134.86,41650.0,0.738387,42050.0
2024-12-22,5300.0,88.8,9125.0,32750.0,32316.6666666667,26716.6666666667,46433.3333333333,24916.6666666667,39033.3333333333,134.74,42483.3333333333,0.738387,41633.3333333333
2024-12-29,5250.0,86.5,9225.0,32780.0,32100.0,26700.0,47200.0,24560.0,38800.0,134.62,42560.0,0.738387,42383.3333333333
2025-01-05,5200.0,85.8333333333333,9450.0,32475.0,32550.0,26975.0,47300.0,24812.5,39250.0,134.62,42775.0,0.739677,41900.0
2025-01-12,5200.0,85.4,9400.0,32166.6666666667,32491.6666666667,26550.0,47475.0,24341.6666666667,38700.0,134.74,42066.6666666667,0.740194,42325.0
2025-01-19,5000.0,82.0,9400.0,32000.0,32491.6666666667,26683.3333333333,47066.6666666667,24250.0,38441.6666666667,134.86,41983.3333333333,0.740194,41616.6666666667
2025-01-26,4900.0,82.0,9400.0,31783.3333333333,32483.3333333333,26750.0,46983.3333333333,24200.0,38308.3333333333,134.98,41683.3333333333,0.740194,41533.3333333333
2025-02-02,4900.0,80.4,9725.0,31933.3333333333,32766.6666666667,27316.6666666667,46900.0,25000.0,39066.6666666667,135.5,42283.3333333333,0.757424,41366.6666666667
